------------------------------------------------------------------------------------------------
-- Organisation Defaults.
--
-- Organisation: TAS
-- Site: TASWATER
--
-- Date     Author                    Description
-- -------- ------------------------- ----------------------------------------------------------
-- 20150927 jwmarsden@au1.ibm.com     Create ITEM and COMPANY Sets. Set ITEM and COMPANY 
--                                    sequences.
------------------------------------------------------------------------------------------------

insert into sets (setsid,langcode,dfltitemstatus,hasld,description,enterdate,settype,autoupdate,setid,enterby) 
values (1,'EN','PENDING',0,'Tasmania Water Main Item Set',sysdate,'ITEM',0,'ITEMSET1','MAXADMIN');
insert into sets (setsid,langcode,dfltitemstatus,hasld,description,enterdate,settype,autoupdate,setid,enterby) 
values (2,'EN','PENDING',0,'Tasmania Water Company Set',sysdate,'COMPANY',1,'COMPSET1','MAXADMIN');

insert into autokey (autokeyid,siteid,autokeyname,seed,langcode,orgid,setid) 
values (autokeyseq.nextval,null,'ITEMNUM',1000,'EN',null,'ITEMSET1');
insert into autokey (autokeyid,siteid,autokeyname,seed,langcode,orgid,setid) 
values (autokeyseq.nextval,null,'COMPMASTER',1000,'EN',null,'COMPSET1');

insert into organization (enterby,companysetid,itemsetid,clearingacct,category,active,langcode,hasld,description,dfltitemstatus,orgid,organizationid,basecurrency2,basecurrency1,enterdate) 
values ('MAXADMIN','COMPSET1','ITEMSET1',null,'STK',0,'EN',0,'Tasmania','PENDING','TAS',1,null,'AUD',sysdate);

Insert into MAXVARS (VARNAME,VARVALUE,ORGID,SITEID,MAXVARSID) select varname, defaultvalue, 'TAS', null, maxvarsseq.nextval from maxvartype where vartype = 'ORG' and varname not in (select varname from maxvars where orgid = 'TAS');

Insert into AUTOKEY (PREFIX,SEED,ORGID,SITEID,AUTOKEYNAME,SETID,LANGCODE,AUTOKEYID)
select null,1000,'TAS',null,autokeyname,null,'EN',autokeyseq.nextval from (select distinct autokeyname from maxattribute where canautonum = 1 and autokeyname is not null and objectname in (select objectname from maxobject where siteorgtype in ('ORG', 'SYSTEMORG', 'SYSTEMORGSITE', 'SITE', 'ORGSITE')));

Insert into WPEDITSETTING (STATUS,EDITGLACCOUNT,EDITASSET,EDITLOC,EDITWPLAB,EDITWPMAT,EDITWPTOOL,EDITSAFETY,ORGID,WPEDITSETTINGID,EDITWPSER,PLUSCEDITAFAL,PLUSCEDITDS,PLUSCEDITPOINT,ROWSTAMP) values ('WSCH',0,0,0,0,0,0,0,'TAS',6,0,0,0,0,'246418');
Insert into WPEDITSETTING (STATUS,EDITGLACCOUNT,EDITASSET,EDITLOC,EDITWPLAB,EDITWPMAT,EDITWPTOOL,EDITSAFETY,ORGID,WPEDITSETTINGID,EDITWPSER,PLUSCEDITAFAL,PLUSCEDITDS,PLUSCEDITPOINT,ROWSTAMP) values ('WMATL',0,0,0,0,0,0,0,'TAS',5,0,0,0,0,'246419');
Insert into WPEDITSETTING (STATUS,EDITGLACCOUNT,EDITASSET,EDITLOC,EDITWPLAB,EDITWPMAT,EDITWPTOOL,EDITSAFETY,ORGID,WPEDITSETTINGID,EDITWPSER,PLUSCEDITAFAL,PLUSCEDITDS,PLUSCEDITPOINT,ROWSTAMP) values ('WAPPR',1,1,1,1,1,1,1,'TAS',4,1,0,0,0,'246420');
Insert into WPEDITSETTING (STATUS,EDITGLACCOUNT,EDITASSET,EDITLOC,EDITWPLAB,EDITWPMAT,EDITWPTOOL,EDITSAFETY,ORGID,WPEDITSETTINGID,EDITWPSER,PLUSCEDITAFAL,PLUSCEDITDS,PLUSCEDITPOINT,ROWSTAMP) values ('INPRG',0,0,0,0,0,0,0,'TAS',3,0,0,0,0,'246421');
Insert into WPEDITSETTING (STATUS,EDITGLACCOUNT,EDITASSET,EDITLOC,EDITWPLAB,EDITWPMAT,EDITWPTOOL,EDITSAFETY,ORGID,WPEDITSETTINGID,EDITWPSER,PLUSCEDITAFAL,PLUSCEDITDS,PLUSCEDITPOINT,ROWSTAMP) values ('COMP',0,0,0,0,0,0,0,'TAS',2,0,0,0,0,'246422');
Insert into WPEDITSETTING (STATUS,EDITGLACCOUNT,EDITASSET,EDITLOC,EDITWPLAB,EDITWPMAT,EDITWPTOOL,EDITSAFETY,ORGID,WPEDITSETTINGID,EDITWPSER,PLUSCEDITAFAL,PLUSCEDITDS,PLUSCEDITPOINT,ROWSTAMP) values ('APPR',0,0,0,0,0,0,0,'TAS',1,0,0,0,0,'246423');

Insert into TAXTYPE (TYPECODE,INCLUDETAX1,INCLUDETAX2,INCLUDETAX3,INCLUSIVEGL,EXCLUSIVEGL,CHANGEBY,CHANGEDATE,INCLUDETAX4,INCLUDETAX5,ADDTAXINDCR,ORGID,DESCRIPTION,TAXTYPEID,LANGCODE,HASLD,ROWSTAMP) values ('5',0,0,0,null,null,'MAXADMIN',to_date('06/AUG/14','DD/MON/RR'),0,0,0,'TAS',null,5,'EN',0,'246424');
Insert into TAXTYPE (TYPECODE,INCLUDETAX1,INCLUDETAX2,INCLUDETAX3,INCLUSIVEGL,EXCLUSIVEGL,CHANGEBY,CHANGEDATE,INCLUDETAX4,INCLUDETAX5,ADDTAXINDCR,ORGID,DESCRIPTION,TAXTYPEID,LANGCODE,HASLD,ROWSTAMP) values ('4',0,0,0,null,null,'MAXADMIN',to_date('06/AUG/14','DD/MON/RR'),0,0,0,'TAS',null,4,'EN',0,'246425');
Insert into TAXTYPE (TYPECODE,INCLUDETAX1,INCLUDETAX2,INCLUDETAX3,INCLUSIVEGL,EXCLUSIVEGL,CHANGEBY,CHANGEDATE,INCLUDETAX4,INCLUDETAX5,ADDTAXINDCR,ORGID,DESCRIPTION,TAXTYPEID,LANGCODE,HASLD,ROWSTAMP) values ('3',0,0,0,null,null,'MAXADMIN',to_date('06/AUG/14','DD/MON/RR'),0,0,0,'TAS',null,3,'EN',0,'246426');
Insert into TAXTYPE (TYPECODE,INCLUDETAX1,INCLUDETAX2,INCLUDETAX3,INCLUSIVEGL,EXCLUSIVEGL,CHANGEBY,CHANGEDATE,INCLUDETAX4,INCLUDETAX5,ADDTAXINDCR,ORGID,DESCRIPTION,TAXTYPEID,LANGCODE,HASLD,ROWSTAMP) values ('2',0,0,0,null,null,'MAXADMIN',to_date('06/AUG/14','DD/MON/RR'),0,0,0,'TAS',null,2,'EN',0,'246427');
Insert into TAXTYPE (TYPECODE,INCLUDETAX1,INCLUDETAX2,INCLUDETAX3,INCLUSIVEGL,EXCLUSIVEGL,CHANGEBY,CHANGEDATE,INCLUDETAX4,INCLUDETAX5,ADDTAXINDCR,ORGID,DESCRIPTION,TAXTYPEID,LANGCODE,HASLD,ROWSTAMP) values ('1',0,0,0,null,null,'MAXADMIN',to_date('06/AUG/14','DD/MON/RR'),0,0,0,'TAS',null,1,'EN',0,'246428');

Insert into TAXORDER (TABLENAME,TAXORDER,ORGID,TAXORDERID,ROWSTAMP) values ('ITEMORGINFO',4,'TAS',4,'246429');
Insert into TAXORDER (TABLENAME,TAXORDER,ORGID,TAXORDERID,ROWSTAMP) values ('COMPANIES',3,'TAS',3,'246430');
Insert into TAXORDER (TABLENAME,TAXORDER,ORGID,TAXORDERID,ROWSTAMP) values ('INVVENDOR',2,'TAS',2,'246431');
Insert into TAXORDER (TABLENAME,TAXORDER,ORGID,TAXORDERID,ROWSTAMP) values ('ADDRESS',1,'TAS',1,'246432');

Insert into ACCOUNTDEFAULTS (DFLTGROUP,GROUPVALUE,GLDEFAULT,OLDGLDEFAULT,ORGID,ACCOUNTDEFAULTSID) values ('TOOLRESCODE','0',null,null,'TAS',ACCOUNTDEFAULTSSEQ.NEXTVAL);
Insert into ACCOUNTDEFAULTS (DFLTGROUP,GROUPVALUE,GLDEFAULT,OLDGLDEFAULT,ORGID,ACCOUNTDEFAULTSID) values ('TOOLRESCODE','1',null,null,'TAS',ACCOUNTDEFAULTSSEQ.NEXTVAL);
Insert into ACCOUNTDEFAULTS (DFLTGROUP,GROUPVALUE,GLDEFAULT,OLDGLDEFAULT,ORGID,ACCOUNTDEFAULTSID) values ('LABRESCODE','0',null,null,'TAS',ACCOUNTDEFAULTSSEQ.NEXTVAL);
Insert into ACCOUNTDEFAULTS (DFLTGROUP,GROUPVALUE,GLDEFAULT,OLDGLDEFAULT,ORGID,ACCOUNTDEFAULTSID) values ('LABRESCODE','1',null,null,'TAS',ACCOUNTDEFAULTSSEQ.NEXTVAL);
Insert into ACCOUNTDEFAULTS (DFLTGROUP,GROUPVALUE,GLDEFAULT,OLDGLDEFAULT,ORGID,ACCOUNTDEFAULTSID) values ('TOOLREC','TOOLRECACCT',null,null,'TAS',ACCOUNTDEFAULTSSEQ.NEXTVAL);
Insert into ACCOUNTDEFAULTS (DFLTGROUP,GROUPVALUE,GLDEFAULT,OLDGLDEFAULT,ORGID,ACCOUNTDEFAULTSID) values ('TICKETRELACCT','GLOBALTICKETACCT',null,null,'TAS',ACCOUNTDEFAULTSSEQ.NEXTVAL);
Insert into ACCOUNTDEFAULTS (DFLTGROUP,GROUPVALUE,GLDEFAULT,OLDGLDEFAULT,ORGID,ACCOUNTDEFAULTSID) values ('INVRELACC','ROTSUSPACCT',null,null,'TAS',ACCOUNTDEFAULTSSEQ.NEXTVAL);

Insert into CONTRACTTYPE (CONTRACTTYPEID,DESCRIPTION,MAXCONTRACTTYPE,ORGID,CONTRACTTYPEUID,CONTENTUID,ROWSTAMP) values ('WARRANTY','Warranty Contract','WARRANTY','TAS',15,'49b13414-5bb7-48b2-b448-7f2105e4bbf2','246440');
Insert into CONTRACTTYPE (CONTRACTTYPEID,DESCRIPTION,MAXCONTRACTTYPE,ORGID,CONTRACTTYPEUID,CONTENTUID,ROWSTAMP) values ('SUBSCRIPTION','Subscription Software Contract','SUBSCRIPTION','TAS',14,'65efda14-0d66-47b3-9b57-98097fa9f4df','246441');
Insert into CONTRACTTYPE (CONTRACTTYPEID,DESCRIPTION,MAXCONTRACTTYPE,ORGID,CONTRACTTYPEUID,CONTENTUID,ROWSTAMP) values ('SFWCONTRACT','General Software Contract','SFWCONTRACT','TAS',13,'9aded51e-93ed-4e7c-85fb-d1842469a572','246442');
Insert into CONTRACTTYPE (CONTRACTTYPEID,DESCRIPTION,MAXCONTRACTTYPE,ORGID,CONTRACTTYPEUID,CONTENTUID,ROWSTAMP) values ('SERVICE','Service Contract','SERVICE','TAS',12,'6bd7cb84-3154-4bfe-a495-e20a335188da','246443');
Insert into CONTRACTTYPE (CONTRACTTYPEID,DESCRIPTION,MAXCONTRACTTYPE,ORGID,CONTRACTTYPEUID,CONTENTUID,ROWSTAMP) values ('SELECT','Select Software Contract','SELECT','TAS',11,'2a09f9e9-2533-419e-9483-855d9d13c7a8','246444');
Insert into CONTRACTTYPE (CONTRACTTYPEID,DESCRIPTION,MAXCONTRACTTYPE,ORGID,CONTRACTTYPEUID,CONTENTUID,ROWSTAMP) values ('RETAIL','Retail Software Contract','RETAIL','TAS',10,'edd134c0-4f3d-46b7-b608-2862cfcf1943','246445');
Insert into CONTRACTTYPE (CONTRACTTYPEID,DESCRIPTION,MAXCONTRACTTYPE,ORGID,CONTRACTTYPEUID,CONTENTUID,ROWSTAMP) values ('RENTAL','Rental Contract','RENTAL','TAS',9,'ed937293-d0c4-4ff0-99ed-4dade625c6e8','246446');
Insert into CONTRACTTYPE (CONTRACTTYPEID,DESCRIPTION,MAXCONTRACTTYPE,ORGID,CONTRACTTYPEUID,CONTENTUID,ROWSTAMP) values ('PURCHASE','Purchase Contract','PURCHASE','TAS',8,'cfce3220-885c-4bbc-a6e6-0d23927f7582','246447');
Insert into CONTRACTTYPE (CONTRACTTYPEID,DESCRIPTION,MAXCONTRACTTYPE,ORGID,CONTRACTTYPEUID,CONTENTUID,ROWSTAMP) values ('PRICE','Pricing Contract','PRICE','TAS',7,'b760cbd2-636c-4776-86f6-07095f189746','246448');
Insert into CONTRACTTYPE (CONTRACTTYPEID,DESCRIPTION,MAXCONTRACTTYPE,ORGID,CONTRACTTYPEUID,CONTENTUID,ROWSTAMP) values ('OEM','OEM Software Contract','OEM','TAS',6,'4567e016-5b60-41a4-a77c-8d8d58193e2e','246449');
Insert into CONTRACTTYPE (CONTRACTTYPEID,DESCRIPTION,MAXCONTRACTTYPE,ORGID,CONTRACTTYPEUID,CONTENTUID,ROWSTAMP) values ('MASTER','Master Contract','MASTER','TAS',5,'766e394b-0e79-4c74-a4a1-37e52dacb51c','246450');
Insert into CONTRACTTYPE (CONTRACTTYPEID,DESCRIPTION,MAXCONTRACTTYPE,ORGID,CONTRACTTYPEUID,CONTENTUID,ROWSTAMP) values ('LEASE','Lease Contract','LEASE','TAS',4,'ece1bd9b-eea0-474a-b642-4b6ef9cd5557','246451');
Insert into CONTRACTTYPE (CONTRACTTYPEID,DESCRIPTION,MAXCONTRACTTYPE,ORGID,CONTRACTTYPEUID,CONTENTUID,ROWSTAMP) values ('LABOR','Labor Contract','LABOR','TAS',3,'fa65c6be-8d71-475b-95bd-afaa926dd220','246452');
Insert into CONTRACTTYPE (CONTRACTTYPEID,DESCRIPTION,MAXCONTRACTTYPE,ORGID,CONTRACTTYPEUID,CONTENTUID,ROWSTAMP) values ('ENTERPRISE','Enterprise Software Contract','ENTERPRISE','TAS',2,'b6e73bc6-1379-42f5-8024-d19d8ee88100','246453');
Insert into CONTRACTTYPE (CONTRACTTYPEID,DESCRIPTION,MAXCONTRACTTYPE,ORGID,CONTRACTTYPEUID,CONTENTUID,ROWSTAMP) values ('BLANKET','Blanket (Volume) Contract','BLANKET','TAS',1,'0419cfe3-0252-4d22-8f1e-7725ff1f19f6','246454');

Insert into PROPERTYDEFAULT (PROPERTYID,DEFAULTVALUE,EDITABLE,ORGID,CONTRACTTYPEID,PROPERTYDEFAULTID,ROWSTAMP) values ('ACCEPTANCELOSS','1',1,'TAS','BLANKET',1214,'246719');
Insert into PROPERTYDEFAULT (PROPERTYID,DEFAULTVALUE,EDITABLE,ORGID,CONTRACTTYPEID,PROPERTYDEFAULTID,ROWSTAMP) values ('ACCEPTPERIOD',null,1,'TAS','BLANKET',1215,'246718');
Insert into PROPERTYDEFAULT (PROPERTYID,DEFAULTVALUE,EDITABLE,ORGID,CONTRACTTYPEID,PROPERTYDEFAULTID,ROWSTAMP) values ('ADDLINESONUSE','1',1,'TAS','BLANKET',1216,'246717');
Insert into PROPERTYDEFAULT (PROPERTYID,DEFAULTVALUE,EDITABLE,ORGID,CONTRACTTYPEID,PROPERTYDEFAULTID,ROWSTAMP) values ('AUTOEXTENDPERIOD',null,1,'TAS','BLANKET',1217,'246716');
Insert into PROPERTYDEFAULT (PROPERTYID,DEFAULTVALUE,EDITABLE,ORGID,CONTRACTTYPEID,PROPERTYDEFAULTID,ROWSTAMP) values ('CANEXCEEDVOLUME','1',1,'TAS','BLANKET',1218,'246715');
Insert into PROPERTYDEFAULT (PROPERTYID,DEFAULTVALUE,EDITABLE,ORGID,CONTRACTTYPEID,PROPERTYDEFAULTID,ROWSTAMP) values ('CHGPRICEONUSE','0',1,'TAS','BLANKET',1219,'246714');
Insert into PROPERTYDEFAULT (PROPERTYID,DEFAULTVALUE,EDITABLE,ORGID,CONTRACTTYPEID,PROPERTYDEFAULTID,ROWSTAMP) values ('CHGQTYONUSE','0',1,'TAS','BLANKET',1220,'246713');
Insert into PROPERTYDEFAULT (PROPERTYID,DEFAULTVALUE,EDITABLE,ORGID,CONTRACTTYPEID,PROPERTYDEFAULTID,ROWSTAMP) values ('CONDFOREXT',null,1,'TAS','BLANKET',1221,'246712');
Insert into PROPERTYDEFAULT (PROPERTYID,DEFAULTVALUE,EDITABLE,ORGID,CONTRACTTYPEID,PROPERTYDEFAULTID,ROWSTAMP) values ('CREATEREL','1',0,'TAS','BLANKET',1222,'246711');
Insert into PROPERTYDEFAULT (PROPERTYID,DEFAULTVALUE,EDITABLE,ORGID,CONTRACTTYPEID,PROPERTYDEFAULTID,ROWSTAMP) values ('CUSTNOTIFYPERIOD',null,1,'TAS','BLANKET',1223,'246710');
Insert into PROPERTYDEFAULT (PROPERTYID,DEFAULTVALUE,EDITABLE,ORGID,CONTRACTTYPEID,PROPERTYDEFAULTID,ROWSTAMP) values ('CUSTTERMALLOWED','1',1,'TAS','BLANKET',1224,'246709');
Insert into PROPERTYDEFAULT (PROPERTYID,DEFAULTVALUE,EDITABLE,ORGID,CONTRACTTYPEID,PROPERTYDEFAULTID,ROWSTAMP) values ('EXTENDABLE','0',1,'TAS','BLANKET',1225,'246708');
Insert into PROPERTYDEFAULT (PROPERTYID,DEFAULTVALUE,EDITABLE,ORGID,CONTRACTTYPEID,PROPERTYDEFAULTID,ROWSTAMP) values ('MAINTHIERCHY','0',1,'TAS','BLANKET',1226,'246707');
Insert into PROPERTYDEFAULT (PROPERTYID,DEFAULTVALUE,EDITABLE,ORGID,CONTRACTTYPEID,PROPERTYDEFAULTID,ROWSTAMP) values ('MAXRELVOL',null,1,'TAS','BLANKET',1227,'246706');
Insert into PROPERTYDEFAULT (PROPERTYID,DEFAULTVALUE,EDITABLE,ORGID,CONTRACTTYPEID,PROPERTYDEFAULTID,ROWSTAMP) values ('MAXVOL',null,1,'TAS','BLANKET',1228,'246705');
Insert into PROPERTYDEFAULT (PROPERTYID,DEFAULTVALUE,EDITABLE,ORGID,CONTRACTTYPEID,PROPERTYDEFAULTID,ROWSTAMP) values ('PAYMENTSCHED','0',0,'TAS','BLANKET',1229,'246704');
Insert into PROPERTYDEFAULT (PROPERTYID,DEFAULTVALUE,EDITABLE,ORGID,CONTRACTTYPEID,PROPERTYDEFAULTID,ROWSTAMP) values ('POREQUIRED','1',0,'TAS','BLANKET',1230,'246703');
Insert into PROPERTYDEFAULT (PROPERTYID,DEFAULTVALUE,EDITABLE,ORGID,CONTRACTTYPEID,PROPERTYDEFAULTID,ROWSTAMP) values ('SHIPPINGLOSS','0',1,'TAS','BLANKET',1231,'246702');
Insert into PROPERTYDEFAULT (PROPERTYID,DEFAULTVALUE,EDITABLE,ORGID,CONTRACTTYPEID,PROPERTYDEFAULTID,ROWSTAMP) values ('VENDNOTIFYPERIOD',null,1,'TAS','BLANKET',1232,'246701');
Insert into PROPERTYDEFAULT (PROPERTYID,DEFAULTVALUE,EDITABLE,ORGID,CONTRACTTYPEID,PROPERTYDEFAULTID,ROWSTAMP) values ('VENDTERMALLOWED','1',1,'TAS','BLANKET',1233,'246700');
Insert into PROPERTYDEFAULT (PROPERTYID,DEFAULTVALUE,EDITABLE,ORGID,CONTRACTTYPEID,PROPERTYDEFAULTID,ROWSTAMP) values ('ACCEPTANCE','0',1,'TAS','ENTERPRISE',1335,'246598');
Insert into PROPERTYDEFAULT (PROPERTYID,DEFAULTVALUE,EDITABLE,ORGID,CONTRACTTYPEID,PROPERTYDEFAULTID,ROWSTAMP) values ('ACCEPTANCELOSS','0',1,'TAS','ENTERPRISE',1090,'246843');
Insert into PROPERTYDEFAULT (PROPERTYID,DEFAULTVALUE,EDITABLE,ORGID,CONTRACTTYPEID,PROPERTYDEFAULTID,ROWSTAMP) values ('ACCEPTPERIOD',null,1,'TAS','ENTERPRISE',1091,'246842');
Insert into PROPERTYDEFAULT (PROPERTYID,DEFAULTVALUE,EDITABLE,ORGID,CONTRACTTYPEID,PROPERTYDEFAULTID,ROWSTAMP) values ('ADDLINESONUSE','0',1,'TAS','ENTERPRISE',1092,'246841');
Insert into PROPERTYDEFAULT (PROPERTYID,DEFAULTVALUE,EDITABLE,ORGID,CONTRACTTYPEID,PROPERTYDEFAULTID,ROWSTAMP) values ('ADDPRODDISCOUNT',null,1,'TAS','ENTERPRISE',1336,'246597');
Insert into PROPERTYDEFAULT (PROPERTYID,DEFAULTVALUE,EDITABLE,ORGID,CONTRACTTYPEID,PROPERTYDEFAULTID,ROWSTAMP) values ('ADDSERVCOST',null,1,'TAS','ENTERPRISE',1337,'246596');
Insert into PROPERTYDEFAULT (PROPERTYID,DEFAULTVALUE,EDITABLE,ORGID,CONTRACTTYPEID,PROPERTYDEFAULTID,ROWSTAMP) values ('ADDSITECOST',null,1,'TAS','ENTERPRISE',1338,'246595');
Insert into PROPERTYDEFAULT (PROPERTYID,DEFAULTVALUE,EDITABLE,ORGID,CONTRACTTYPEID,PROPERTYDEFAULTID,ROWSTAMP) values ('ADDTRAINDISCOUNT',null,1,'TAS','ENTERPRISE',1339,'246594');
Insert into PROPERTYDEFAULT (PROPERTYID,DEFAULTVALUE,EDITABLE,ORGID,CONTRACTTYPEID,PROPERTYDEFAULTID,ROWSTAMP) values ('ASSIGNABILITY','0',1,'TAS','ENTERPRISE',1340,'246593');
Insert into PROPERTYDEFAULT (PROPERTYID,DEFAULTVALUE,EDITABLE,ORGID,CONTRACTTYPEID,PROPERTYDEFAULTID,ROWSTAMP) values ('AUTORENEWAL','0',1,'TAS','ENTERPRISE',1341,'246592');
Insert into PROPERTYDEFAULT (PROPERTYID,DEFAULTVALUE,EDITABLE,ORGID,CONTRACTTYPEID,PROPERTYDEFAULTID,ROWSTAMP) values ('CANCELNOTICE',null,1,'TAS','ENTERPRISE',1342,'246591');
Insert into PROPERTYDEFAULT (PROPERTYID,DEFAULTVALUE,EDITABLE,ORGID,CONTRACTTYPEID,PROPERTYDEFAULTID,ROWSTAMP) values ('CANEXCEEDVOLUME','1',1,'TAS','ENTERPRISE',1093,'246840');
Insert into PROPERTYDEFAULT (PROPERTYID,DEFAULTVALUE,EDITABLE,ORGID,CONTRACTTYPEID,PROPERTYDEFAULTID,ROWSTAMP) values ('CAPRATIO',null,1,'TAS','ENTERPRISE',1343,'246590');
Insert into PROPERTYDEFAULT (PROPERTYID,DEFAULTVALUE,EDITABLE,ORGID,CONTRACTTYPEID,PROPERTYDEFAULTID,ROWSTAMP) values ('CHGPRICEONUSE','0',1,'TAS','ENTERPRISE',1094,'246839');
Insert into PROPERTYDEFAULT (PROPERTYID,DEFAULTVALUE,EDITABLE,ORGID,CONTRACTTYPEID,PROPERTYDEFAULTID,ROWSTAMP) values ('CHGQTYONUSE','0',1,'TAS','ENTERPRISE',1095,'246838');
Insert into PROPERTYDEFAULT (PROPERTYID,DEFAULTVALUE,EDITABLE,ORGID,CONTRACTTYPEID,PROPERTYDEFAULTID,ROWSTAMP) values ('CONFIDENTIALITY','0',1,'TAS','ENTERPRISE',1344,'246589');
Insert into PROPERTYDEFAULT (PROPERTYID,DEFAULTVALUE,EDITABLE,ORGID,CONTRACTTYPEID,PROPERTYDEFAULTID,ROWSTAMP) values ('CREATEREL','0',1,'TAS','ENTERPRISE',1096,'246837');
Insert into PROPERTYDEFAULT (PROPERTYID,DEFAULTVALUE,EDITABLE,ORGID,CONTRACTTYPEID,PROPERTYDEFAULTID,ROWSTAMP) values ('DEDICSUPPTEAM','0',1,'TAS','ENTERPRISE',1345,'246588');
Insert into PROPERTYDEFAULT (PROPERTYID,DEFAULTVALUE,EDITABLE,ORGID,CONTRACTTYPEID,PROPERTYDEFAULTID,ROWSTAMP) values ('DISASTERRECOV','0',1,'TAS','ENTERPRISE',1346,'246587');
Insert into PROPERTYDEFAULT (PROPERTYID,DEFAULTVALUE,EDITABLE,ORGID,CONTRACTTYPEID,PROPERTYDEFAULTID,ROWSTAMP) values ('DIVESTRIGHT','0',1,'TAS','ENTERPRISE',1347,'246586');
Insert into PROPERTYDEFAULT (PROPERTYID,DEFAULTVALUE,EDITABLE,ORGID,CONTRACTTYPEID,PROPERTYDEFAULTID,ROWSTAMP) values ('DIVPERIOD',null,1,'TAS','ENTERPRISE',1348,'246585');
Insert into PROPERTYDEFAULT (PROPERTYID,DEFAULTVALUE,EDITABLE,ORGID,CONTRACTTYPEID,PROPERTYDEFAULTID,ROWSTAMP) values ('ENDDATE',null,1,'TAS','ENTERPRISE',1349,'246584');
Insert into PROPERTYDEFAULT (PROPERTYID,DEFAULTVALUE,EDITABLE,ORGID,CONTRACTTYPEID,PROPERTYDEFAULTID,ROWSTAMP) values ('ENHANCEMENT','0',1,'TAS','ENTERPRISE',1350,'246583');
Insert into PROPERTYDEFAULT (PROPERTYID,DEFAULTVALUE,EDITABLE,ORGID,CONTRACTTYPEID,PROPERTYDEFAULTID,ROWSTAMP) values ('FIXES','0',1,'TAS','ENTERPRISE',1351,'246582');
Insert into PROPERTYDEFAULT (PROPERTYID,DEFAULTVALUE,EDITABLE,ORGID,CONTRACTTYPEID,PROPERTYDEFAULTID,ROWSTAMP) values ('GENCOVERAGE',null,1,'TAS','ENTERPRISE',1352,'246581');
Insert into PROPERTYDEFAULT (PROPERTYID,DEFAULTVALUE,EDITABLE,ORGID,CONTRACTTYPEID,PROPERTYDEFAULTID,ROWSTAMP) values ('GLOBAL','0',1,'TAS','ENTERPRISE',1097,'246836');
Insert into PROPERTYDEFAULT (PROPERTYID,DEFAULTVALUE,EDITABLE,ORGID,CONTRACTTYPEID,PROPERTYDEFAULTID,ROWSTAMP) values ('LATEPMTPENALTY',null,1,'TAS','ENTERPRISE',1353,'246580');
Insert into PROPERTYDEFAULT (PROPERTYID,DEFAULTVALUE,EDITABLE,ORGID,CONTRACTTYPEID,PROPERTYDEFAULTID,ROWSTAMP) values ('LICKEY','0',1,'TAS','ENTERPRISE',1098,'246835');
Insert into PROPERTYDEFAULT (PROPERTYID,DEFAULTVALUE,EDITABLE,ORGID,CONTRACTTYPEID,PROPERTYDEFAULTID,ROWSTAMP) values ('MAINT','0',1,'TAS','ENTERPRISE',1354,'246579');
Insert into PROPERTYDEFAULT (PROPERTYID,DEFAULTVALUE,EDITABLE,ORGID,CONTRACTTYPEID,PROPERTYDEFAULTID,ROWSTAMP) values ('MAINTHIERARCHY','0',1,'TAS','ENTERPRISE',1099,'246834');
Insert into PROPERTYDEFAULT (PROPERTYID,DEFAULTVALUE,EDITABLE,ORGID,CONTRACTTYPEID,PROPERTYDEFAULTID,ROWSTAMP) values ('MAXRELVOL',null,1,'TAS','ENTERPRISE',1100,'246833');
Insert into PROPERTYDEFAULT (PROPERTYID,DEFAULTVALUE,EDITABLE,ORGID,CONTRACTTYPEID,PROPERTYDEFAULTID,ROWSTAMP) values ('MAXVOL',null,1,'TAS','ENTERPRISE',1101,'246832');
Insert into PROPERTYDEFAULT (PROPERTYID,DEFAULTVALUE,EDITABLE,ORGID,CONTRACTTYPEID,PROPERTYDEFAULTID,ROWSTAMP) values ('NEWRELEASE','0',1,'TAS','ENTERPRISE',1355,'246578');
Insert into PROPERTYDEFAULT (PROPERTYID,DEFAULTVALUE,EDITABLE,ORGID,CONTRACTTYPEID,PROPERTYDEFAULTID,ROWSTAMP) values ('NEWVERSION','0',1,'TAS','ENTERPRISE',1356,'246577');
Insert into PROPERTYDEFAULT (PROPERTYID,DEFAULTVALUE,EDITABLE,ORGID,CONTRACTTYPEID,PROPERTYDEFAULTID,ROWSTAMP) values ('PERPETUITY','0',1,'TAS','ENTERPRISE',1357,'246576');
Insert into PROPERTYDEFAULT (PROPERTYID,DEFAULTVALUE,EDITABLE,ORGID,CONTRACTTYPEID,PROPERTYDEFAULTID,ROWSTAMP) values ('PORTABILITY','0',1,'TAS','ENTERPRISE',1358,'246575');
Insert into PROPERTYDEFAULT (PROPERTYID,DEFAULTVALUE,EDITABLE,ORGID,CONTRACTTYPEID,PROPERTYDEFAULTID,ROWSTAMP) values ('PRODCOVERAGE',null,1,'TAS','ENTERPRISE',1359,'246574');
Insert into PROPERTYDEFAULT (PROPERTYID,DEFAULTVALUE,EDITABLE,ORGID,CONTRACTTYPEID,PROPERTYDEFAULTID,ROWSTAMP) values ('REINSTATDATE',null,1,'TAS','ENTERPRISE',1360,'246573');
Insert into PROPERTYDEFAULT (PROPERTYID,DEFAULTVALUE,EDITABLE,ORGID,CONTRACTTYPEID,PROPERTYDEFAULTID,ROWSTAMP) values ('SERVCOVERAGE',null,1,'TAS','ENTERPRISE',1361,'246572');
Insert into PROPERTYDEFAULT (PROPERTYID,DEFAULTVALUE,EDITABLE,ORGID,CONTRACTTYPEID,PROPERTYDEFAULTID,ROWSTAMP) values ('SHIPPINGLOSS','0',1,'TAS','ENTERPRISE',1102,'246831');
Insert into PROPERTYDEFAULT (PROPERTYID,DEFAULTVALUE,EDITABLE,ORGID,CONTRACTTYPEID,PROPERTYDEFAULTID,ROWSTAMP) values ('SUPPLEVELS',null,1,'TAS','ENTERPRISE',1362,'246571');
Insert into PROPERTYDEFAULT (PROPERTYID,DEFAULTVALUE,EDITABLE,ORGID,CONTRACTTYPEID,PROPERTYDEFAULTID,ROWSTAMP) values ('SUPPSERVERS',null,1,'TAS','ENTERPRISE',1363,'246570');
Insert into PROPERTYDEFAULT (PROPERTYID,DEFAULTVALUE,EDITABLE,ORGID,CONTRACTTYPEID,PROPERTYDEFAULTID,ROWSTAMP) values ('SUPPSITES',null,1,'TAS','ENTERPRISE',1364,'246569');
Insert into PROPERTYDEFAULT (PROPERTYID,DEFAULTVALUE,EDITABLE,ORGID,CONTRACTTYPEID,PROPERTYDEFAULTID,ROWSTAMP) values ('SUPPTEAM',null,1,'TAS','ENTERPRISE',1365,'246568');
Insert into PROPERTYDEFAULT (PROPERTYID,DEFAULTVALUE,EDITABLE,ORGID,CONTRACTTYPEID,PROPERTYDEFAULTID,ROWSTAMP) values ('TRANSFER','0',1,'TAS','ENTERPRISE',1103,'246830');
Insert into PROPERTYDEFAULT (PROPERTYID,DEFAULTVALUE,EDITABLE,ORGID,CONTRACTTYPEID,PROPERTYDEFAULTID,ROWSTAMP) values ('UPDATES','0',1,'TAS','ENTERPRISE',1366,'246567');
Insert into PROPERTYDEFAULT (PROPERTYID,DEFAULTVALUE,EDITABLE,ORGID,CONTRACTTYPEID,PROPERTYDEFAULTID,ROWSTAMP) values ('VERSUPPORT',null,1,'TAS','ENTERPRISE',1367,'246566');
Insert into PROPERTYDEFAULT (PROPERTYID,DEFAULTVALUE,EDITABLE,ORGID,CONTRACTTYPEID,PROPERTYDEFAULTID,ROWSTAMP) values ('WARRANTYPERIOD',null,1,'TAS','ENTERPRISE',1368,'246565');
Insert into PROPERTYDEFAULT (PROPERTYID,DEFAULTVALUE,EDITABLE,ORGID,CONTRACTTYPEID,PROPERTYDEFAULTID,ROWSTAMP) values ('WEBSUPPORT','0',1,'TAS','ENTERPRISE',1369,'246564');
Insert into PROPERTYDEFAULT (PROPERTYID,DEFAULTVALUE,EDITABLE,ORGID,CONTRACTTYPEID,PROPERTYDEFAULTID,ROWSTAMP) values ('AUTOEXTENDPERIOD',null,1,'TAS','LABOR',1187,'246746');
Insert into PROPERTYDEFAULT (PROPERTYID,DEFAULTVALUE,EDITABLE,ORGID,CONTRACTTYPEID,PROPERTYDEFAULTID,ROWSTAMP) values ('CONDFOREXT',null,1,'TAS','LABOR',1188,'246745');
Insert into PROPERTYDEFAULT (PROPERTYID,DEFAULTVALUE,EDITABLE,ORGID,CONTRACTTYPEID,PROPERTYDEFAULTID,ROWSTAMP) values ('CUSTNOTIFYPERIOD',null,1,'TAS','LABOR',1189,'246744');
Insert into PROPERTYDEFAULT (PROPERTYID,DEFAULTVALUE,EDITABLE,ORGID,CONTRACTTYPEID,PROPERTYDEFAULTID,ROWSTAMP) values ('CUSTTERMALLOWED','1',1,'TAS','LABOR',1190,'246743');
Insert into PROPERTYDEFAULT (PROPERTYID,DEFAULTVALUE,EDITABLE,ORGID,CONTRACTTYPEID,PROPERTYDEFAULTID,ROWSTAMP) values ('EXTENDABLE','0',1,'TAS','LABOR',1191,'246742');
Insert into PROPERTYDEFAULT (PROPERTYID,DEFAULTVALUE,EDITABLE,ORGID,CONTRACTTYPEID,PROPERTYDEFAULTID,ROWSTAMP) values ('VENDNOTIFYPERIOD',null,1,'TAS','LABOR',1192,'246741');
Insert into PROPERTYDEFAULT (PROPERTYID,DEFAULTVALUE,EDITABLE,ORGID,CONTRACTTYPEID,PROPERTYDEFAULTID,ROWSTAMP) values ('VENDTERMALLOWED','1',1,'TAS','LABOR',1193,'246740');
Insert into PROPERTYDEFAULT (PROPERTYID,DEFAULTVALUE,EDITABLE,ORGID,CONTRACTTYPEID,PROPERTYDEFAULTID,ROWSTAMP) values ('ACCEPTANCELOSS','1',1,'TAS','LEASE',1254,'246679');
Insert into PROPERTYDEFAULT (PROPERTYID,DEFAULTVALUE,EDITABLE,ORGID,CONTRACTTYPEID,PROPERTYDEFAULTID,ROWSTAMP) values ('ACCEPTPERIOD',null,1,'TAS','LEASE',1255,'246678');
Insert into PROPERTYDEFAULT (PROPERTYID,DEFAULTVALUE,EDITABLE,ORGID,CONTRACTTYPEID,PROPERTYDEFAULTID,ROWSTAMP) values ('AUTOEXTENDPERIOD',null,1,'TAS','LEASE',1256,'246677');
Insert into PROPERTYDEFAULT (PROPERTYID,DEFAULTVALUE,EDITABLE,ORGID,CONTRACTTYPEID,PROPERTYDEFAULTID,ROWSTAMP) values ('BUYOUT','1',1,'TAS','LEASE',1257,'246676');
Insert into PROPERTYDEFAULT (PROPERTYID,DEFAULTVALUE,EDITABLE,ORGID,CONTRACTTYPEID,PROPERTYDEFAULTID,ROWSTAMP) values ('CANAUDIT','1',1,'TAS','LEASE',1258,'246675');
Insert into PROPERTYDEFAULT (PROPERTYID,DEFAULTVALUE,EDITABLE,ORGID,CONTRACTTYPEID,PROPERTYDEFAULTID,ROWSTAMP) values ('CASUALTYBUYOUT','1',1,'TAS','LEASE',1259,'246674');
Insert into PROPERTYDEFAULT (PROPERTYID,DEFAULTVALUE,EDITABLE,ORGID,CONTRACTTYPEID,PROPERTYDEFAULTID,ROWSTAMP) values ('CASUALTYNOTIFY','1',1,'TAS','LEASE',1260,'246673');
Insert into PROPERTYDEFAULT (PROPERTYID,DEFAULTVALUE,EDITABLE,ORGID,CONTRACTTYPEID,PROPERTYDEFAULTID,ROWSTAMP) values ('CONDFOREXT',null,1,'TAS','LEASE',1261,'246672');
Insert into PROPERTYDEFAULT (PROPERTYID,DEFAULTVALUE,EDITABLE,ORGID,CONTRACTTYPEID,PROPERTYDEFAULTID,ROWSTAMP) values ('CONFIGURENOTIFY','0',1,'TAS','LEASE',1262,'246671');
Insert into PROPERTYDEFAULT (PROPERTYID,DEFAULTVALUE,EDITABLE,ORGID,CONTRACTTYPEID,PROPERTYDEFAULTID,ROWSTAMP) values ('CUSTNOTIFYPERIOD',null,1,'TAS','LEASE',1263,'246670');
Insert into PROPERTYDEFAULT (PROPERTYID,DEFAULTVALUE,EDITABLE,ORGID,CONTRACTTYPEID,PROPERTYDEFAULTID,ROWSTAMP) values ('CUSTTERMALLOWED','1',1,'TAS','LEASE',1264,'246669');
Insert into PROPERTYDEFAULT (PROPERTYID,DEFAULTVALUE,EDITABLE,ORGID,CONTRACTTYPEID,PROPERTYDEFAULTID,ROWSTAMP) values ('DAYSTONOTIFY',null,1,'TAS','LEASE',1265,'246668');
Insert into PROPERTYDEFAULT (PROPERTYID,DEFAULTVALUE,EDITABLE,ORGID,CONTRACTTYPEID,PROPERTYDEFAULTID,ROWSTAMP) values ('EXTENDABLE','0',1,'TAS','LEASE',1266,'246667');
Insert into PROPERTYDEFAULT (PROPERTYID,DEFAULTVALUE,EDITABLE,ORGID,CONTRACTTYPEID,PROPERTYDEFAULTID,ROWSTAMP) values ('FINANCETYPE',null,1,'TAS','LEASE',1267,'246666');
Insert into PROPERTYDEFAULT (PROPERTYID,DEFAULTVALUE,EDITABLE,ORGID,CONTRACTTYPEID,PROPERTYDEFAULTID,ROWSTAMP) values ('INCLUDESMAINT','0',1,'TAS','LEASE',1268,'246665');
Insert into PROPERTYDEFAULT (PROPERTYID,DEFAULTVALUE,EDITABLE,ORGID,CONTRACTTYPEID,PROPERTYDEFAULTID,ROWSTAMP) values ('INSURANCEREQ','1',1,'TAS','LEASE',1269,'246664');
Insert into PROPERTYDEFAULT (PROPERTYID,DEFAULTVALUE,EDITABLE,ORGID,CONTRACTTYPEID,PROPERTYDEFAULTID,ROWSTAMP) values ('LASTSCHEDULEDATE',null,1,'TAS','LEASE',1270,'246663');
Insert into PROPERTYDEFAULT (PROPERTYID,DEFAULTVALUE,EDITABLE,ORGID,CONTRACTTYPEID,PROPERTYDEFAULTID,ROWSTAMP) values ('LEASESUSPACCT',null,1,'TAS','LEASE',1271,'246662');
Insert into PROPERTYDEFAULT (PROPERTYID,DEFAULTVALUE,EDITABLE,ORGID,CONTRACTTYPEID,PROPERTYDEFAULTID,ROWSTAMP) values ('MAINTHIERCHY','0',1,'TAS','LEASE',1272,'246661');
Insert into PROPERTYDEFAULT (PROPERTYID,DEFAULTVALUE,EDITABLE,ORGID,CONTRACTTYPEID,PROPERTYDEFAULTID,ROWSTAMP) values ('NOTIFYCONTACT',null,1,'TAS','LEASE',1273,'246660');
Insert into PROPERTYDEFAULT (PROPERTYID,DEFAULTVALUE,EDITABLE,ORGID,CONTRACTTYPEID,PROPERTYDEFAULTID,ROWSTAMP) values ('NOTIFYONMOVE','1',1,'TAS','LEASE',1274,'246659');
Insert into PROPERTYDEFAULT (PROPERTYID,DEFAULTVALUE,EDITABLE,ORGID,CONTRACTTYPEID,PROPERTYDEFAULTID,ROWSTAMP) values ('OUTSIDEMAINT','1',1,'TAS','LEASE',1275,'246658');
Insert into PROPERTYDEFAULT (PROPERTYID,DEFAULTVALUE,EDITABLE,ORGID,CONTRACTTYPEID,PROPERTYDEFAULTID,ROWSTAMP) values ('PAYMENTSCHED','1',0,'TAS','LEASE',1276,'246657');
Insert into PROPERTYDEFAULT (PROPERTYID,DEFAULTVALUE,EDITABLE,ORGID,CONTRACTTYPEID,PROPERTYDEFAULTID,ROWSTAMP) values ('POREQUIRED','1',0,'TAS','LEASE',1277,'246656');
Insert into PROPERTYDEFAULT (PROPERTYID,DEFAULTVALUE,EDITABLE,ORGID,CONTRACTTYPEID,PROPERTYDEFAULTID,ROWSTAMP) values ('SELFINSURED','0',1,'TAS','LEASE',1278,'246655');
Insert into PROPERTYDEFAULT (PROPERTYID,DEFAULTVALUE,EDITABLE,ORGID,CONTRACTTYPEID,PROPERTYDEFAULTID,ROWSTAMP) values ('SHIPPINGLOSS','0',1,'TAS','LEASE',1279,'246654');
Insert into PROPERTYDEFAULT (PROPERTYID,DEFAULTVALUE,EDITABLE,ORGID,CONTRACTTYPEID,PROPERTYDEFAULTID,ROWSTAMP) values ('SUBONRETURN','1',1,'TAS','LEASE',1280,'246653');
Insert into PROPERTYDEFAULT (PROPERTYID,DEFAULTVALUE,EDITABLE,ORGID,CONTRACTTYPEID,PROPERTYDEFAULTID,ROWSTAMP) values ('TECHREFRESH','0',1,'TAS','LEASE',1281,'246652');
Insert into PROPERTYDEFAULT (PROPERTYID,DEFAULTVALUE,EDITABLE,ORGID,CONTRACTTYPEID,PROPERTYDEFAULTID,ROWSTAMP) values ('TRANSFERWARRANTY','1',1,'TAS','LEASE',1282,'246651');
Insert into PROPERTYDEFAULT (PROPERTYID,DEFAULTVALUE,EDITABLE,ORGID,CONTRACTTYPEID,PROPERTYDEFAULTID,ROWSTAMP) values ('VENDNOTIFYPERIOD',null,1,'TAS','LEASE',1283,'246650');
Insert into PROPERTYDEFAULT (PROPERTYID,DEFAULTVALUE,EDITABLE,ORGID,CONTRACTTYPEID,PROPERTYDEFAULTID,ROWSTAMP) values ('VENDTERMALLOWED','1',1,'TAS','LEASE',1284,'246649');
Insert into PROPERTYDEFAULT (PROPERTYID,DEFAULTVALUE,EDITABLE,ORGID,CONTRACTTYPEID,PROPERTYDEFAULTID,ROWSTAMP) values ('WARRANTYDURATION',null,1,'TAS','LEASE',1285,'246648');
Insert into PROPERTYDEFAULT (PROPERTYID,DEFAULTVALUE,EDITABLE,ORGID,CONTRACTTYPEID,PROPERTYDEFAULTID,ROWSTAMP) values ('ACCEPTANCELOSS','0',0,'TAS','MASTER',1160,'246773');
Insert into PROPERTYDEFAULT (PROPERTYID,DEFAULTVALUE,EDITABLE,ORGID,CONTRACTTYPEID,PROPERTYDEFAULTID,ROWSTAMP) values ('ACCEPTPERIOD',null,0,'TAS','MASTER',1161,'246772');
Insert into PROPERTYDEFAULT (PROPERTYID,DEFAULTVALUE,EDITABLE,ORGID,CONTRACTTYPEID,PROPERTYDEFAULTID,ROWSTAMP) values ('AUTOEXTENDPERIOD',null,1,'TAS','MASTER',1162,'246771');
Insert into PROPERTYDEFAULT (PROPERTYID,DEFAULTVALUE,EDITABLE,ORGID,CONTRACTTYPEID,PROPERTYDEFAULTID,ROWSTAMP) values ('CONDFOREXT',null,1,'TAS','MASTER',1163,'246770');
Insert into PROPERTYDEFAULT (PROPERTYID,DEFAULTVALUE,EDITABLE,ORGID,CONTRACTTYPEID,PROPERTYDEFAULTID,ROWSTAMP) values ('CUSTNOTIFYPERIOD',null,1,'TAS','MASTER',1164,'246769');
Insert into PROPERTYDEFAULT (PROPERTYID,DEFAULTVALUE,EDITABLE,ORGID,CONTRACTTYPEID,PROPERTYDEFAULTID,ROWSTAMP) values ('CUSTTERMALLOWED','1',1,'TAS','MASTER',1165,'246768');
Insert into PROPERTYDEFAULT (PROPERTYID,DEFAULTVALUE,EDITABLE,ORGID,CONTRACTTYPEID,PROPERTYDEFAULTID,ROWSTAMP) values ('EXTENDABLE','0',1,'TAS','MASTER',1166,'246767');
Insert into PROPERTYDEFAULT (PROPERTYID,DEFAULTVALUE,EDITABLE,ORGID,CONTRACTTYPEID,PROPERTYDEFAULTID,ROWSTAMP) values ('SHIPPINGLOSS','0',0,'TAS','MASTER',1167,'246766');
Insert into PROPERTYDEFAULT (PROPERTYID,DEFAULTVALUE,EDITABLE,ORGID,CONTRACTTYPEID,PROPERTYDEFAULTID,ROWSTAMP) values ('VENDNOTIFYPERIOD',null,1,'TAS','MASTER',1168,'246765');
Insert into PROPERTYDEFAULT (PROPERTYID,DEFAULTVALUE,EDITABLE,ORGID,CONTRACTTYPEID,PROPERTYDEFAULTID,ROWSTAMP) values ('VENDTERMALLOWED','1',1,'TAS','MASTER',1169,'246764');
Insert into PROPERTYDEFAULT (PROPERTYID,DEFAULTVALUE,EDITABLE,ORGID,CONTRACTTYPEID,PROPERTYDEFAULTID,ROWSTAMP) values ('ACCEPTANCE','0',1,'TAS','OEM',1370,'246563');
Insert into PROPERTYDEFAULT (PROPERTYID,DEFAULTVALUE,EDITABLE,ORGID,CONTRACTTYPEID,PROPERTYDEFAULTID,ROWSTAMP) values ('ACCEPTANCELOSS','0',1,'TAS','OEM',1104,'246829');
Insert into PROPERTYDEFAULT (PROPERTYID,DEFAULTVALUE,EDITABLE,ORGID,CONTRACTTYPEID,PROPERTYDEFAULTID,ROWSTAMP) values ('ACCEPTPERIOD',null,1,'TAS','OEM',1105,'246828');
Insert into PROPERTYDEFAULT (PROPERTYID,DEFAULTVALUE,EDITABLE,ORGID,CONTRACTTYPEID,PROPERTYDEFAULTID,ROWSTAMP) values ('ADDLINESONUSE','0',1,'TAS','OEM',1106,'246827');
Insert into PROPERTYDEFAULT (PROPERTYID,DEFAULTVALUE,EDITABLE,ORGID,CONTRACTTYPEID,PROPERTYDEFAULTID,ROWSTAMP) values ('ADDPRODDISCOUNT',null,1,'TAS','OEM',1371,'246562');
Insert into PROPERTYDEFAULT (PROPERTYID,DEFAULTVALUE,EDITABLE,ORGID,CONTRACTTYPEID,PROPERTYDEFAULTID,ROWSTAMP) values ('ADDSERVCOST',null,1,'TAS','OEM',1372,'246561');
Insert into PROPERTYDEFAULT (PROPERTYID,DEFAULTVALUE,EDITABLE,ORGID,CONTRACTTYPEID,PROPERTYDEFAULTID,ROWSTAMP) values ('ADDSITECOST',null,1,'TAS','OEM',1373,'246560');
Insert into PROPERTYDEFAULT (PROPERTYID,DEFAULTVALUE,EDITABLE,ORGID,CONTRACTTYPEID,PROPERTYDEFAULTID,ROWSTAMP) values ('ADDTRAINDISCOUNT',null,1,'TAS','OEM',1374,'246559');
Insert into PROPERTYDEFAULT (PROPERTYID,DEFAULTVALUE,EDITABLE,ORGID,CONTRACTTYPEID,PROPERTYDEFAULTID,ROWSTAMP) values ('ASSIGNABILITY','0',1,'TAS','OEM',1375,'246558');
Insert into PROPERTYDEFAULT (PROPERTYID,DEFAULTVALUE,EDITABLE,ORGID,CONTRACTTYPEID,PROPERTYDEFAULTID,ROWSTAMP) values ('AUTORENEWAL','0',1,'TAS','OEM',1376,'246557');
Insert into PROPERTYDEFAULT (PROPERTYID,DEFAULTVALUE,EDITABLE,ORGID,CONTRACTTYPEID,PROPERTYDEFAULTID,ROWSTAMP) values ('CANCELNOTICE',null,1,'TAS','OEM',1377,'246556');
Insert into PROPERTYDEFAULT (PROPERTYID,DEFAULTVALUE,EDITABLE,ORGID,CONTRACTTYPEID,PROPERTYDEFAULTID,ROWSTAMP) values ('CANEXCEEDVOLUME','1',1,'TAS','OEM',1107,'246826');
Insert into PROPERTYDEFAULT (PROPERTYID,DEFAULTVALUE,EDITABLE,ORGID,CONTRACTTYPEID,PROPERTYDEFAULTID,ROWSTAMP) values ('CAPRATIO',null,1,'TAS','OEM',1378,'246555');
Insert into PROPERTYDEFAULT (PROPERTYID,DEFAULTVALUE,EDITABLE,ORGID,CONTRACTTYPEID,PROPERTYDEFAULTID,ROWSTAMP) values ('CHGPRICEONUSE','0',1,'TAS','OEM',1108,'246825');
Insert into PROPERTYDEFAULT (PROPERTYID,DEFAULTVALUE,EDITABLE,ORGID,CONTRACTTYPEID,PROPERTYDEFAULTID,ROWSTAMP) values ('CHGQTYONUSE','0',1,'TAS','OEM',1109,'246824');
Insert into PROPERTYDEFAULT (PROPERTYID,DEFAULTVALUE,EDITABLE,ORGID,CONTRACTTYPEID,PROPERTYDEFAULTID,ROWSTAMP) values ('CONFIDENTIALITY','0',1,'TAS','OEM',1379,'246554');
Insert into PROPERTYDEFAULT (PROPERTYID,DEFAULTVALUE,EDITABLE,ORGID,CONTRACTTYPEID,PROPERTYDEFAULTID,ROWSTAMP) values ('CREATEREL','0',1,'TAS','OEM',1110,'246823');
Insert into PROPERTYDEFAULT (PROPERTYID,DEFAULTVALUE,EDITABLE,ORGID,CONTRACTTYPEID,PROPERTYDEFAULTID,ROWSTAMP) values ('DEDICSUPPTEAM','0',1,'TAS','OEM',1380,'246553');
Insert into PROPERTYDEFAULT (PROPERTYID,DEFAULTVALUE,EDITABLE,ORGID,CONTRACTTYPEID,PROPERTYDEFAULTID,ROWSTAMP) values ('DISASTERRECOV','0',1,'TAS','OEM',1381,'246552');
Insert into PROPERTYDEFAULT (PROPERTYID,DEFAULTVALUE,EDITABLE,ORGID,CONTRACTTYPEID,PROPERTYDEFAULTID,ROWSTAMP) values ('DIVESTRIGHT','0',1,'TAS','OEM',1382,'246551');
Insert into PROPERTYDEFAULT (PROPERTYID,DEFAULTVALUE,EDITABLE,ORGID,CONTRACTTYPEID,PROPERTYDEFAULTID,ROWSTAMP) values ('DIVPERIOD',null,1,'TAS','OEM',1383,'246550');
Insert into PROPERTYDEFAULT (PROPERTYID,DEFAULTVALUE,EDITABLE,ORGID,CONTRACTTYPEID,PROPERTYDEFAULTID,ROWSTAMP) values ('ENDDATE',null,1,'TAS','OEM',1384,'246549');
Insert into PROPERTYDEFAULT (PROPERTYID,DEFAULTVALUE,EDITABLE,ORGID,CONTRACTTYPEID,PROPERTYDEFAULTID,ROWSTAMP) values ('ENHANCEMENT','0',1,'TAS','OEM',1385,'246548');
Insert into PROPERTYDEFAULT (PROPERTYID,DEFAULTVALUE,EDITABLE,ORGID,CONTRACTTYPEID,PROPERTYDEFAULTID,ROWSTAMP) values ('FIXES','0',1,'TAS','OEM',1386,'246547');
Insert into PROPERTYDEFAULT (PROPERTYID,DEFAULTVALUE,EDITABLE,ORGID,CONTRACTTYPEID,PROPERTYDEFAULTID,ROWSTAMP) values ('GENCOVERAGE',null,1,'TAS','OEM',1387,'246546');
Insert into PROPERTYDEFAULT (PROPERTYID,DEFAULTVALUE,EDITABLE,ORGID,CONTRACTTYPEID,PROPERTYDEFAULTID,ROWSTAMP) values ('GLOBAL','0',1,'TAS','OEM',1111,'246822');
Insert into PROPERTYDEFAULT (PROPERTYID,DEFAULTVALUE,EDITABLE,ORGID,CONTRACTTYPEID,PROPERTYDEFAULTID,ROWSTAMP) values ('LATEPMTPENALTY',null,1,'TAS','OEM',1388,'246545');
Insert into PROPERTYDEFAULT (PROPERTYID,DEFAULTVALUE,EDITABLE,ORGID,CONTRACTTYPEID,PROPERTYDEFAULTID,ROWSTAMP) values ('LICKEY','0',1,'TAS','OEM',1112,'246821');
Insert into PROPERTYDEFAULT (PROPERTYID,DEFAULTVALUE,EDITABLE,ORGID,CONTRACTTYPEID,PROPERTYDEFAULTID,ROWSTAMP) values ('MAINT','0',1,'TAS','OEM',1389,'246544');
Insert into PROPERTYDEFAULT (PROPERTYID,DEFAULTVALUE,EDITABLE,ORGID,CONTRACTTYPEID,PROPERTYDEFAULTID,ROWSTAMP) values ('MAINTHIERARCHY','0',1,'TAS','OEM',1113,'246820');
Insert into PROPERTYDEFAULT (PROPERTYID,DEFAULTVALUE,EDITABLE,ORGID,CONTRACTTYPEID,PROPERTYDEFAULTID,ROWSTAMP) values ('MAXRELVOL',null,1,'TAS','OEM',1114,'246819');
Insert into PROPERTYDEFAULT (PROPERTYID,DEFAULTVALUE,EDITABLE,ORGID,CONTRACTTYPEID,PROPERTYDEFAULTID,ROWSTAMP) values ('MAXVOL',null,1,'TAS','OEM',1115,'246818');
Insert into PROPERTYDEFAULT (PROPERTYID,DEFAULTVALUE,EDITABLE,ORGID,CONTRACTTYPEID,PROPERTYDEFAULTID,ROWSTAMP) values ('NEWRELEASE','0',1,'TAS','OEM',1390,'246543');
Insert into PROPERTYDEFAULT (PROPERTYID,DEFAULTVALUE,EDITABLE,ORGID,CONTRACTTYPEID,PROPERTYDEFAULTID,ROWSTAMP) values ('NEWVERSION','0',1,'TAS','OEM',1391,'246542');
Insert into PROPERTYDEFAULT (PROPERTYID,DEFAULTVALUE,EDITABLE,ORGID,CONTRACTTYPEID,PROPERTYDEFAULTID,ROWSTAMP) values ('PERPETUITY','0',1,'TAS','OEM',1392,'246541');
Insert into PROPERTYDEFAULT (PROPERTYID,DEFAULTVALUE,EDITABLE,ORGID,CONTRACTTYPEID,PROPERTYDEFAULTID,ROWSTAMP) values ('PORTABILITY','0',1,'TAS','OEM',1393,'246540');
Insert into PROPERTYDEFAULT (PROPERTYID,DEFAULTVALUE,EDITABLE,ORGID,CONTRACTTYPEID,PROPERTYDEFAULTID,ROWSTAMP) values ('PRODCOVERAGE',null,1,'TAS','OEM',1394,'246539');
Insert into PROPERTYDEFAULT (PROPERTYID,DEFAULTVALUE,EDITABLE,ORGID,CONTRACTTYPEID,PROPERTYDEFAULTID,ROWSTAMP) values ('REINSTATDATE',null,1,'TAS','OEM',1395,'246538');
Insert into PROPERTYDEFAULT (PROPERTYID,DEFAULTVALUE,EDITABLE,ORGID,CONTRACTTYPEID,PROPERTYDEFAULTID,ROWSTAMP) values ('SERVCOVERAGE',null,1,'TAS','OEM',1396,'246537');
Insert into PROPERTYDEFAULT (PROPERTYID,DEFAULTVALUE,EDITABLE,ORGID,CONTRACTTYPEID,PROPERTYDEFAULTID,ROWSTAMP) values ('SHIPPINGLOSS','0',1,'TAS','OEM',1116,'246817');
Insert into PROPERTYDEFAULT (PROPERTYID,DEFAULTVALUE,EDITABLE,ORGID,CONTRACTTYPEID,PROPERTYDEFAULTID,ROWSTAMP) values ('SUPPLEVELS',null,1,'TAS','OEM',1397,'246536');
Insert into PROPERTYDEFAULT (PROPERTYID,DEFAULTVALUE,EDITABLE,ORGID,CONTRACTTYPEID,PROPERTYDEFAULTID,ROWSTAMP) values ('SUPPSERVERS',null,1,'TAS','OEM',1398,'246535');
Insert into PROPERTYDEFAULT (PROPERTYID,DEFAULTVALUE,EDITABLE,ORGID,CONTRACTTYPEID,PROPERTYDEFAULTID,ROWSTAMP) values ('SUPPSITES',null,1,'TAS','OEM',1399,'246534');
Insert into PROPERTYDEFAULT (PROPERTYID,DEFAULTVALUE,EDITABLE,ORGID,CONTRACTTYPEID,PROPERTYDEFAULTID,ROWSTAMP) values ('SUPPTEAM',null,1,'TAS','OEM',1400,'246533');
Insert into PROPERTYDEFAULT (PROPERTYID,DEFAULTVALUE,EDITABLE,ORGID,CONTRACTTYPEID,PROPERTYDEFAULTID,ROWSTAMP) values ('TRANSFER','0',1,'TAS','OEM',1117,'246816');
Insert into PROPERTYDEFAULT (PROPERTYID,DEFAULTVALUE,EDITABLE,ORGID,CONTRACTTYPEID,PROPERTYDEFAULTID,ROWSTAMP) values ('UPDATES','0',1,'TAS','OEM',1401,'246532');
Insert into PROPERTYDEFAULT (PROPERTYID,DEFAULTVALUE,EDITABLE,ORGID,CONTRACTTYPEID,PROPERTYDEFAULTID,ROWSTAMP) values ('VERSUPPORT',null,1,'TAS','OEM',1402,'246531');
Insert into PROPERTYDEFAULT (PROPERTYID,DEFAULTVALUE,EDITABLE,ORGID,CONTRACTTYPEID,PROPERTYDEFAULTID,ROWSTAMP) values ('WARRANTYPERIOD',null,1,'TAS','OEM',1403,'246530');
Insert into PROPERTYDEFAULT (PROPERTYID,DEFAULTVALUE,EDITABLE,ORGID,CONTRACTTYPEID,PROPERTYDEFAULTID,ROWSTAMP) values ('WEBSUPPORT','0',1,'TAS','OEM',1404,'246529');
Insert into PROPERTYDEFAULT (PROPERTYID,DEFAULTVALUE,EDITABLE,ORGID,CONTRACTTYPEID,PROPERTYDEFAULTID,ROWSTAMP) values ('ACCEPTANCELOSS','1',1,'TAS','PRICE',1234,'246699');
Insert into PROPERTYDEFAULT (PROPERTYID,DEFAULTVALUE,EDITABLE,ORGID,CONTRACTTYPEID,PROPERTYDEFAULTID,ROWSTAMP) values ('ACCEPTPERIOD',null,1,'TAS','PRICE',1235,'246698');
Insert into PROPERTYDEFAULT (PROPERTYID,DEFAULTVALUE,EDITABLE,ORGID,CONTRACTTYPEID,PROPERTYDEFAULTID,ROWSTAMP) values ('ADDLINESONUSE','0',0,'TAS','PRICE',1236,'246697');
Insert into PROPERTYDEFAULT (PROPERTYID,DEFAULTVALUE,EDITABLE,ORGID,CONTRACTTYPEID,PROPERTYDEFAULTID,ROWSTAMP) values ('AUTOEXTENDPERIOD',null,1,'TAS','PRICE',1237,'246696');
Insert into PROPERTYDEFAULT (PROPERTYID,DEFAULTVALUE,EDITABLE,ORGID,CONTRACTTYPEID,PROPERTYDEFAULTID,ROWSTAMP) values ('CANEXCEEDVOLUME','0',1,'TAS','PRICE',1238,'246695');
Insert into PROPERTYDEFAULT (PROPERTYID,DEFAULTVALUE,EDITABLE,ORGID,CONTRACTTYPEID,PROPERTYDEFAULTID,ROWSTAMP) values ('CHGPRICEONUSE','0',0,'TAS','PRICE',1239,'246694');
Insert into PROPERTYDEFAULT (PROPERTYID,DEFAULTVALUE,EDITABLE,ORGID,CONTRACTTYPEID,PROPERTYDEFAULTID,ROWSTAMP) values ('CHGQTYONUSE','0',1,'TAS','PRICE',1240,'246693');
Insert into PROPERTYDEFAULT (PROPERTYID,DEFAULTVALUE,EDITABLE,ORGID,CONTRACTTYPEID,PROPERTYDEFAULTID,ROWSTAMP) values ('CONDFOREXT',null,1,'TAS','PRICE',1241,'246692');
Insert into PROPERTYDEFAULT (PROPERTYID,DEFAULTVALUE,EDITABLE,ORGID,CONTRACTTYPEID,PROPERTYDEFAULTID,ROWSTAMP) values ('CREATEREL','0',0,'TAS','PRICE',1242,'246691');
Insert into PROPERTYDEFAULT (PROPERTYID,DEFAULTVALUE,EDITABLE,ORGID,CONTRACTTYPEID,PROPERTYDEFAULTID,ROWSTAMP) values ('CUSTNOTIFYPERIOD',null,1,'TAS','PRICE',1243,'246690');
Insert into PROPERTYDEFAULT (PROPERTYID,DEFAULTVALUE,EDITABLE,ORGID,CONTRACTTYPEID,PROPERTYDEFAULTID,ROWSTAMP) values ('CUSTTERMALLOWED','1',1,'TAS','PRICE',1244,'246689');
Insert into PROPERTYDEFAULT (PROPERTYID,DEFAULTVALUE,EDITABLE,ORGID,CONTRACTTYPEID,PROPERTYDEFAULTID,ROWSTAMP) values ('EXTENDABLE','0',1,'TAS','PRICE',1245,'246688');
Insert into PROPERTYDEFAULT (PROPERTYID,DEFAULTVALUE,EDITABLE,ORGID,CONTRACTTYPEID,PROPERTYDEFAULTID,ROWSTAMP) values ('MAINTHIERCHY','0',1,'TAS','PRICE',1246,'246687');
Insert into PROPERTYDEFAULT (PROPERTYID,DEFAULTVALUE,EDITABLE,ORGID,CONTRACTTYPEID,PROPERTYDEFAULTID,ROWSTAMP) values ('MAXRELVOL',null,0,'TAS','PRICE',1247,'246686');
Insert into PROPERTYDEFAULT (PROPERTYID,DEFAULTVALUE,EDITABLE,ORGID,CONTRACTTYPEID,PROPERTYDEFAULTID,ROWSTAMP) values ('MAXVOL',null,1,'TAS','PRICE',1248,'246685');
Insert into PROPERTYDEFAULT (PROPERTYID,DEFAULTVALUE,EDITABLE,ORGID,CONTRACTTYPEID,PROPERTYDEFAULTID,ROWSTAMP) values ('PAYMENTSCHED','0',0,'TAS','PRICE',1249,'246684');
Insert into PROPERTYDEFAULT (PROPERTYID,DEFAULTVALUE,EDITABLE,ORGID,CONTRACTTYPEID,PROPERTYDEFAULTID,ROWSTAMP) values ('POREQUIRED','1',0,'TAS','PRICE',1250,'246683');
Insert into PROPERTYDEFAULT (PROPERTYID,DEFAULTVALUE,EDITABLE,ORGID,CONTRACTTYPEID,PROPERTYDEFAULTID,ROWSTAMP) values ('SHIPPINGLOSS','0',1,'TAS','PRICE',1251,'246682');
Insert into PROPERTYDEFAULT (PROPERTYID,DEFAULTVALUE,EDITABLE,ORGID,CONTRACTTYPEID,PROPERTYDEFAULTID,ROWSTAMP) values ('VENDNOTIFYPERIOD',null,1,'TAS','PRICE',1252,'246681');
Insert into PROPERTYDEFAULT (PROPERTYID,DEFAULTVALUE,EDITABLE,ORGID,CONTRACTTYPEID,PROPERTYDEFAULTID,ROWSTAMP) values ('VENDTERMALLOWED','1',1,'TAS','PRICE',1253,'246680');
Insert into PROPERTYDEFAULT (PROPERTYID,DEFAULTVALUE,EDITABLE,ORGID,CONTRACTTYPEID,PROPERTYDEFAULTID,ROWSTAMP) values ('ACCEPTANCELOSS','1',1,'TAS','PURCHASE',1194,'246739');
Insert into PROPERTYDEFAULT (PROPERTYID,DEFAULTVALUE,EDITABLE,ORGID,CONTRACTTYPEID,PROPERTYDEFAULTID,ROWSTAMP) values ('ACCEPTPERIOD',null,1,'TAS','PURCHASE',1195,'246738');
Insert into PROPERTYDEFAULT (PROPERTYID,DEFAULTVALUE,EDITABLE,ORGID,CONTRACTTYPEID,PROPERTYDEFAULTID,ROWSTAMP) values ('ADDLINESONUSE','0',1,'TAS','PURCHASE',1196,'246737');
Insert into PROPERTYDEFAULT (PROPERTYID,DEFAULTVALUE,EDITABLE,ORGID,CONTRACTTYPEID,PROPERTYDEFAULTID,ROWSTAMP) values ('AUTOEXTENDPERIOD',null,1,'TAS','PURCHASE',1197,'246736');
Insert into PROPERTYDEFAULT (PROPERTYID,DEFAULTVALUE,EDITABLE,ORGID,CONTRACTTYPEID,PROPERTYDEFAULTID,ROWSTAMP) values ('CANEXCEEDVOLUME','0',1,'TAS','PURCHASE',1198,'246735');
Insert into PROPERTYDEFAULT (PROPERTYID,DEFAULTVALUE,EDITABLE,ORGID,CONTRACTTYPEID,PROPERTYDEFAULTID,ROWSTAMP) values ('CHGPRICEONUSE','0',1,'TAS','PURCHASE',1199,'246734');
Insert into PROPERTYDEFAULT (PROPERTYID,DEFAULTVALUE,EDITABLE,ORGID,CONTRACTTYPEID,PROPERTYDEFAULTID,ROWSTAMP) values ('CHGQTYONUSE','0',1,'TAS','PURCHASE',1200,'246733');
Insert into PROPERTYDEFAULT (PROPERTYID,DEFAULTVALUE,EDITABLE,ORGID,CONTRACTTYPEID,PROPERTYDEFAULTID,ROWSTAMP) values ('CONDFOREXT',null,1,'TAS','PURCHASE',1201,'246732');
Insert into PROPERTYDEFAULT (PROPERTYID,DEFAULTVALUE,EDITABLE,ORGID,CONTRACTTYPEID,PROPERTYDEFAULTID,ROWSTAMP) values ('CREATEREL','0',1,'TAS','PURCHASE',1202,'246731');
Insert into PROPERTYDEFAULT (PROPERTYID,DEFAULTVALUE,EDITABLE,ORGID,CONTRACTTYPEID,PROPERTYDEFAULTID,ROWSTAMP) values ('CUSTNOTIFYPERIOD',null,1,'TAS','PURCHASE',1203,'246730');
Insert into PROPERTYDEFAULT (PROPERTYID,DEFAULTVALUE,EDITABLE,ORGID,CONTRACTTYPEID,PROPERTYDEFAULTID,ROWSTAMP) values ('CUSTTERMALLOWED','1',1,'TAS','PURCHASE',1204,'246729');
Insert into PROPERTYDEFAULT (PROPERTYID,DEFAULTVALUE,EDITABLE,ORGID,CONTRACTTYPEID,PROPERTYDEFAULTID,ROWSTAMP) values ('EXTENDABLE','0',1,'TAS','PURCHASE',1205,'246728');
Insert into PROPERTYDEFAULT (PROPERTYID,DEFAULTVALUE,EDITABLE,ORGID,CONTRACTTYPEID,PROPERTYDEFAULTID,ROWSTAMP) values ('MAINTHIERCHY','0',1,'TAS','PURCHASE',1206,'246727');
Insert into PROPERTYDEFAULT (PROPERTYID,DEFAULTVALUE,EDITABLE,ORGID,CONTRACTTYPEID,PROPERTYDEFAULTID,ROWSTAMP) values ('MAXRELVOL',null,1,'TAS','PURCHASE',1207,'246726');
Insert into PROPERTYDEFAULT (PROPERTYID,DEFAULTVALUE,EDITABLE,ORGID,CONTRACTTYPEID,PROPERTYDEFAULTID,ROWSTAMP) values ('MAXVOL',null,1,'TAS','PURCHASE',1208,'246725');
Insert into PROPERTYDEFAULT (PROPERTYID,DEFAULTVALUE,EDITABLE,ORGID,CONTRACTTYPEID,PROPERTYDEFAULTID,ROWSTAMP) values ('PAYMENTSCHED','0',1,'TAS','PURCHASE',1209,'246724');
Insert into PROPERTYDEFAULT (PROPERTYID,DEFAULTVALUE,EDITABLE,ORGID,CONTRACTTYPEID,PROPERTYDEFAULTID,ROWSTAMP) values ('POREQUIRED','1',0,'TAS','PURCHASE',1210,'246723');
Insert into PROPERTYDEFAULT (PROPERTYID,DEFAULTVALUE,EDITABLE,ORGID,CONTRACTTYPEID,PROPERTYDEFAULTID,ROWSTAMP) values ('SHIPPINGLOSS','0',1,'TAS','PURCHASE',1211,'246722');
Insert into PROPERTYDEFAULT (PROPERTYID,DEFAULTVALUE,EDITABLE,ORGID,CONTRACTTYPEID,PROPERTYDEFAULTID,ROWSTAMP) values ('VENDNOTIFYPERIOD',null,1,'TAS','PURCHASE',1212,'246721');
Insert into PROPERTYDEFAULT (PROPERTYID,DEFAULTVALUE,EDITABLE,ORGID,CONTRACTTYPEID,PROPERTYDEFAULTID,ROWSTAMP) values ('VENDTERMALLOWED','1',1,'TAS','PURCHASE',1213,'246720');
Insert into PROPERTYDEFAULT (PROPERTYID,DEFAULTVALUE,EDITABLE,ORGID,CONTRACTTYPEID,PROPERTYDEFAULTID,ROWSTAMP) values ('ACCEPTANCELOSS','1',1,'TAS','RENTAL',1286,'246647');
Insert into PROPERTYDEFAULT (PROPERTYID,DEFAULTVALUE,EDITABLE,ORGID,CONTRACTTYPEID,PROPERTYDEFAULTID,ROWSTAMP) values ('AUTOEXTENDPERIOD',null,1,'TAS','RENTAL',1287,'246646');
Insert into PROPERTYDEFAULT (PROPERTYID,DEFAULTVALUE,EDITABLE,ORGID,CONTRACTTYPEID,PROPERTYDEFAULTID,ROWSTAMP) values ('CONDFOREXT',null,1,'TAS','RENTAL',1288,'246645');
Insert into PROPERTYDEFAULT (PROPERTYID,DEFAULTVALUE,EDITABLE,ORGID,CONTRACTTYPEID,PROPERTYDEFAULTID,ROWSTAMP) values ('CUSTNOTIFYPERIOD',null,1,'TAS','RENTAL',1289,'246644');
Insert into PROPERTYDEFAULT (PROPERTYID,DEFAULTVALUE,EDITABLE,ORGID,CONTRACTTYPEID,PROPERTYDEFAULTID,ROWSTAMP) values ('CUSTTERMALLOWED','1',1,'TAS','RENTAL',1290,'246643');
Insert into PROPERTYDEFAULT (PROPERTYID,DEFAULTVALUE,EDITABLE,ORGID,CONTRACTTYPEID,PROPERTYDEFAULTID,ROWSTAMP) values ('EXTENDABLE','0',1,'TAS','RENTAL',1291,'246642');
Insert into PROPERTYDEFAULT (PROPERTYID,DEFAULTVALUE,EDITABLE,ORGID,CONTRACTTYPEID,PROPERTYDEFAULTID,ROWSTAMP) values ('OUTSIDEMAINT','0',1,'TAS','RENTAL',1292,'246641');
Insert into PROPERTYDEFAULT (PROPERTYID,DEFAULTVALUE,EDITABLE,ORGID,CONTRACTTYPEID,PROPERTYDEFAULTID,ROWSTAMP) values ('PAYMENTSCHED','1',0,'TAS','RENTAL',1293,'246640');
Insert into PROPERTYDEFAULT (PROPERTYID,DEFAULTVALUE,EDITABLE,ORGID,CONTRACTTYPEID,PROPERTYDEFAULTID,ROWSTAMP) values ('POREQUIRED','0',0,'TAS','RENTAL',1294,'246639');
Insert into PROPERTYDEFAULT (PROPERTYID,DEFAULTVALUE,EDITABLE,ORGID,CONTRACTTYPEID,PROPERTYDEFAULTID,ROWSTAMP) values ('SHIPPINGLOSS','0',1,'TAS','RENTAL',1295,'246638');
Insert into PROPERTYDEFAULT (PROPERTYID,DEFAULTVALUE,EDITABLE,ORGID,CONTRACTTYPEID,PROPERTYDEFAULTID,ROWSTAMP) values ('TRANSFERWARRANTY','1',1,'TAS','RENTAL',1296,'246637');
Insert into PROPERTYDEFAULT (PROPERTYID,DEFAULTVALUE,EDITABLE,ORGID,CONTRACTTYPEID,PROPERTYDEFAULTID,ROWSTAMP) values ('VENDNOTIFYPERIOD',null,1,'TAS','RENTAL',1297,'246636');
Insert into PROPERTYDEFAULT (PROPERTYID,DEFAULTVALUE,EDITABLE,ORGID,CONTRACTTYPEID,PROPERTYDEFAULTID,ROWSTAMP) values ('VENDTERMALLOWED','1',1,'TAS','RENTAL',1298,'246635');
Insert into PROPERTYDEFAULT (PROPERTYID,DEFAULTVALUE,EDITABLE,ORGID,CONTRACTTYPEID,PROPERTYDEFAULTID,ROWSTAMP) values ('WARRANTYDURATION',null,1,'TAS','RENTAL',1299,'246634');
Insert into PROPERTYDEFAULT (PROPERTYID,DEFAULTVALUE,EDITABLE,ORGID,CONTRACTTYPEID,PROPERTYDEFAULTID,ROWSTAMP) values ('ACCEPTANCE','0',1,'TAS','RETAIL',1405,'246528');
Insert into PROPERTYDEFAULT (PROPERTYID,DEFAULTVALUE,EDITABLE,ORGID,CONTRACTTYPEID,PROPERTYDEFAULTID,ROWSTAMP) values ('ACCEPTANCELOSS','0',1,'TAS','RETAIL',1118,'246815');
Insert into PROPERTYDEFAULT (PROPERTYID,DEFAULTVALUE,EDITABLE,ORGID,CONTRACTTYPEID,PROPERTYDEFAULTID,ROWSTAMP) values ('ACCEPTPERIOD',null,1,'TAS','RETAIL',1119,'246814');
Insert into PROPERTYDEFAULT (PROPERTYID,DEFAULTVALUE,EDITABLE,ORGID,CONTRACTTYPEID,PROPERTYDEFAULTID,ROWSTAMP) values ('ADDLINESONUSE','0',1,'TAS','RETAIL',1120,'246813');
Insert into PROPERTYDEFAULT (PROPERTYID,DEFAULTVALUE,EDITABLE,ORGID,CONTRACTTYPEID,PROPERTYDEFAULTID,ROWSTAMP) values ('ADDPRODDISCOUNT',null,1,'TAS','RETAIL',1406,'246527');
Insert into PROPERTYDEFAULT (PROPERTYID,DEFAULTVALUE,EDITABLE,ORGID,CONTRACTTYPEID,PROPERTYDEFAULTID,ROWSTAMP) values ('ADDSERVCOST',null,1,'TAS','RETAIL',1407,'246526');
Insert into PROPERTYDEFAULT (PROPERTYID,DEFAULTVALUE,EDITABLE,ORGID,CONTRACTTYPEID,PROPERTYDEFAULTID,ROWSTAMP) values ('ADDSITECOST',null,1,'TAS','RETAIL',1408,'246525');
Insert into PROPERTYDEFAULT (PROPERTYID,DEFAULTVALUE,EDITABLE,ORGID,CONTRACTTYPEID,PROPERTYDEFAULTID,ROWSTAMP) values ('ADDTRAINDISCOUNT',null,1,'TAS','RETAIL',1409,'246524');
Insert into PROPERTYDEFAULT (PROPERTYID,DEFAULTVALUE,EDITABLE,ORGID,CONTRACTTYPEID,PROPERTYDEFAULTID,ROWSTAMP) values ('ASSIGNABILITY','0',1,'TAS','RETAIL',1410,'246523');
Insert into PROPERTYDEFAULT (PROPERTYID,DEFAULTVALUE,EDITABLE,ORGID,CONTRACTTYPEID,PROPERTYDEFAULTID,ROWSTAMP) values ('AUTORENEWAL','0',1,'TAS','RETAIL',1411,'246522');
Insert into PROPERTYDEFAULT (PROPERTYID,DEFAULTVALUE,EDITABLE,ORGID,CONTRACTTYPEID,PROPERTYDEFAULTID,ROWSTAMP) values ('CANCELNOTICE',null,1,'TAS','RETAIL',1412,'246521');
Insert into PROPERTYDEFAULT (PROPERTYID,DEFAULTVALUE,EDITABLE,ORGID,CONTRACTTYPEID,PROPERTYDEFAULTID,ROWSTAMP) values ('CANEXCEEDVOLUME','1',1,'TAS','RETAIL',1121,'246812');
Insert into PROPERTYDEFAULT (PROPERTYID,DEFAULTVALUE,EDITABLE,ORGID,CONTRACTTYPEID,PROPERTYDEFAULTID,ROWSTAMP) values ('CAPRATIO',null,1,'TAS','RETAIL',1413,'246520');
Insert into PROPERTYDEFAULT (PROPERTYID,DEFAULTVALUE,EDITABLE,ORGID,CONTRACTTYPEID,PROPERTYDEFAULTID,ROWSTAMP) values ('CHGPRICEONUSE','0',1,'TAS','RETAIL',1122,'246811');
Insert into PROPERTYDEFAULT (PROPERTYID,DEFAULTVALUE,EDITABLE,ORGID,CONTRACTTYPEID,PROPERTYDEFAULTID,ROWSTAMP) values ('CHGQTYONUSE','0',1,'TAS','RETAIL',1123,'246810');
Insert into PROPERTYDEFAULT (PROPERTYID,DEFAULTVALUE,EDITABLE,ORGID,CONTRACTTYPEID,PROPERTYDEFAULTID,ROWSTAMP) values ('CONFIDENTIALITY','0',1,'TAS','RETAIL',1414,'246519');
Insert into PROPERTYDEFAULT (PROPERTYID,DEFAULTVALUE,EDITABLE,ORGID,CONTRACTTYPEID,PROPERTYDEFAULTID,ROWSTAMP) values ('CREATEREL','0',1,'TAS','RETAIL',1124,'246809');
Insert into PROPERTYDEFAULT (PROPERTYID,DEFAULTVALUE,EDITABLE,ORGID,CONTRACTTYPEID,PROPERTYDEFAULTID,ROWSTAMP) values ('DEDICSUPPTEAM','0',1,'TAS','RETAIL',1415,'246518');
Insert into PROPERTYDEFAULT (PROPERTYID,DEFAULTVALUE,EDITABLE,ORGID,CONTRACTTYPEID,PROPERTYDEFAULTID,ROWSTAMP) values ('DISASTERRECOV','0',1,'TAS','RETAIL',1416,'246517');
Insert into PROPERTYDEFAULT (PROPERTYID,DEFAULTVALUE,EDITABLE,ORGID,CONTRACTTYPEID,PROPERTYDEFAULTID,ROWSTAMP) values ('DIVESTRIGHT','0',1,'TAS','RETAIL',1417,'246516');
Insert into PROPERTYDEFAULT (PROPERTYID,DEFAULTVALUE,EDITABLE,ORGID,CONTRACTTYPEID,PROPERTYDEFAULTID,ROWSTAMP) values ('DIVPERIOD',null,1,'TAS','RETAIL',1418,'246515');
Insert into PROPERTYDEFAULT (PROPERTYID,DEFAULTVALUE,EDITABLE,ORGID,CONTRACTTYPEID,PROPERTYDEFAULTID,ROWSTAMP) values ('ENDDATE',null,1,'TAS','RETAIL',1419,'246514');
Insert into PROPERTYDEFAULT (PROPERTYID,DEFAULTVALUE,EDITABLE,ORGID,CONTRACTTYPEID,PROPERTYDEFAULTID,ROWSTAMP) values ('ENHANCEMENT','0',1,'TAS','RETAIL',1420,'246513');
Insert into PROPERTYDEFAULT (PROPERTYID,DEFAULTVALUE,EDITABLE,ORGID,CONTRACTTYPEID,PROPERTYDEFAULTID,ROWSTAMP) values ('FIXES','0',1,'TAS','RETAIL',1421,'246512');
Insert into PROPERTYDEFAULT (PROPERTYID,DEFAULTVALUE,EDITABLE,ORGID,CONTRACTTYPEID,PROPERTYDEFAULTID,ROWSTAMP) values ('GENCOVERAGE',null,1,'TAS','RETAIL',1422,'246511');
Insert into PROPERTYDEFAULT (PROPERTYID,DEFAULTVALUE,EDITABLE,ORGID,CONTRACTTYPEID,PROPERTYDEFAULTID,ROWSTAMP) values ('GLOBAL','0',1,'TAS','RETAIL',1125,'246808');
Insert into PROPERTYDEFAULT (PROPERTYID,DEFAULTVALUE,EDITABLE,ORGID,CONTRACTTYPEID,PROPERTYDEFAULTID,ROWSTAMP) values ('LATEPMTPENALTY',null,1,'TAS','RETAIL',1423,'246510');
Insert into PROPERTYDEFAULT (PROPERTYID,DEFAULTVALUE,EDITABLE,ORGID,CONTRACTTYPEID,PROPERTYDEFAULTID,ROWSTAMP) values ('LICKEY','0',1,'TAS','RETAIL',1126,'246807');
Insert into PROPERTYDEFAULT (PROPERTYID,DEFAULTVALUE,EDITABLE,ORGID,CONTRACTTYPEID,PROPERTYDEFAULTID,ROWSTAMP) values ('MAINT','0',1,'TAS','RETAIL',1424,'246509');
Insert into PROPERTYDEFAULT (PROPERTYID,DEFAULTVALUE,EDITABLE,ORGID,CONTRACTTYPEID,PROPERTYDEFAULTID,ROWSTAMP) values ('MAINTHIERARCHY','0',1,'TAS','RETAIL',1127,'246806');
Insert into PROPERTYDEFAULT (PROPERTYID,DEFAULTVALUE,EDITABLE,ORGID,CONTRACTTYPEID,PROPERTYDEFAULTID,ROWSTAMP) values ('MAXRELVOL',null,1,'TAS','RETAIL',1128,'246805');
Insert into PROPERTYDEFAULT (PROPERTYID,DEFAULTVALUE,EDITABLE,ORGID,CONTRACTTYPEID,PROPERTYDEFAULTID,ROWSTAMP) values ('MAXVOL',null,1,'TAS','RETAIL',1129,'246804');
Insert into PROPERTYDEFAULT (PROPERTYID,DEFAULTVALUE,EDITABLE,ORGID,CONTRACTTYPEID,PROPERTYDEFAULTID,ROWSTAMP) values ('NEWRELEASE','0',1,'TAS','RETAIL',1425,'246508');
Insert into PROPERTYDEFAULT (PROPERTYID,DEFAULTVALUE,EDITABLE,ORGID,CONTRACTTYPEID,PROPERTYDEFAULTID,ROWSTAMP) values ('NEWVERSION','0',1,'TAS','RETAIL',1426,'246507');
Insert into PROPERTYDEFAULT (PROPERTYID,DEFAULTVALUE,EDITABLE,ORGID,CONTRACTTYPEID,PROPERTYDEFAULTID,ROWSTAMP) values ('PERPETUITY','0',1,'TAS','RETAIL',1427,'246506');
Insert into PROPERTYDEFAULT (PROPERTYID,DEFAULTVALUE,EDITABLE,ORGID,CONTRACTTYPEID,PROPERTYDEFAULTID,ROWSTAMP) values ('PORTABILITY','0',1,'TAS','RETAIL',1428,'246505');
Insert into PROPERTYDEFAULT (PROPERTYID,DEFAULTVALUE,EDITABLE,ORGID,CONTRACTTYPEID,PROPERTYDEFAULTID,ROWSTAMP) values ('PRODCOVERAGE',null,1,'TAS','RETAIL',1429,'246504');
Insert into PROPERTYDEFAULT (PROPERTYID,DEFAULTVALUE,EDITABLE,ORGID,CONTRACTTYPEID,PROPERTYDEFAULTID,ROWSTAMP) values ('REINSTATDATE',null,1,'TAS','RETAIL',1430,'246503');
Insert into PROPERTYDEFAULT (PROPERTYID,DEFAULTVALUE,EDITABLE,ORGID,CONTRACTTYPEID,PROPERTYDEFAULTID,ROWSTAMP) values ('SERVCOVERAGE',null,1,'TAS','RETAIL',1431,'246502');
Insert into PROPERTYDEFAULT (PROPERTYID,DEFAULTVALUE,EDITABLE,ORGID,CONTRACTTYPEID,PROPERTYDEFAULTID,ROWSTAMP) values ('SHIPPINGLOSS','0',1,'TAS','RETAIL',1130,'246803');
Insert into PROPERTYDEFAULT (PROPERTYID,DEFAULTVALUE,EDITABLE,ORGID,CONTRACTTYPEID,PROPERTYDEFAULTID,ROWSTAMP) values ('SUPPLEVELS',null,1,'TAS','RETAIL',1432,'246501');
Insert into PROPERTYDEFAULT (PROPERTYID,DEFAULTVALUE,EDITABLE,ORGID,CONTRACTTYPEID,PROPERTYDEFAULTID,ROWSTAMP) values ('SUPPSERVERS',null,1,'TAS','RETAIL',1433,'246500');
Insert into PROPERTYDEFAULT (PROPERTYID,DEFAULTVALUE,EDITABLE,ORGID,CONTRACTTYPEID,PROPERTYDEFAULTID,ROWSTAMP) values ('SUPPSITES',null,1,'TAS','RETAIL',1434,'246499');
Insert into PROPERTYDEFAULT (PROPERTYID,DEFAULTVALUE,EDITABLE,ORGID,CONTRACTTYPEID,PROPERTYDEFAULTID,ROWSTAMP) values ('SUPPTEAM',null,1,'TAS','RETAIL',1435,'246498');
Insert into PROPERTYDEFAULT (PROPERTYID,DEFAULTVALUE,EDITABLE,ORGID,CONTRACTTYPEID,PROPERTYDEFAULTID,ROWSTAMP) values ('TRANSFER','0',1,'TAS','RETAIL',1131,'246802');
Insert into PROPERTYDEFAULT (PROPERTYID,DEFAULTVALUE,EDITABLE,ORGID,CONTRACTTYPEID,PROPERTYDEFAULTID,ROWSTAMP) values ('UPDATES','0',1,'TAS','RETAIL',1436,'246497');
Insert into PROPERTYDEFAULT (PROPERTYID,DEFAULTVALUE,EDITABLE,ORGID,CONTRACTTYPEID,PROPERTYDEFAULTID,ROWSTAMP) values ('VERSUPPORT',null,1,'TAS','RETAIL',1437,'246496');
Insert into PROPERTYDEFAULT (PROPERTYID,DEFAULTVALUE,EDITABLE,ORGID,CONTRACTTYPEID,PROPERTYDEFAULTID,ROWSTAMP) values ('WARRANTYPERIOD',null,1,'TAS','RETAIL',1438,'246495');
Insert into PROPERTYDEFAULT (PROPERTYID,DEFAULTVALUE,EDITABLE,ORGID,CONTRACTTYPEID,PROPERTYDEFAULTID,ROWSTAMP) values ('WEBSUPPORT','0',1,'TAS','RETAIL',1439,'246494');
Insert into PROPERTYDEFAULT (PROPERTYID,DEFAULTVALUE,EDITABLE,ORGID,CONTRACTTYPEID,PROPERTYDEFAULTID,ROWSTAMP) values ('ACCEPTANCE','0',1,'TAS','SELECT',1440,'246493');
Insert into PROPERTYDEFAULT (PROPERTYID,DEFAULTVALUE,EDITABLE,ORGID,CONTRACTTYPEID,PROPERTYDEFAULTID,ROWSTAMP) values ('ACCEPTANCELOSS','0',1,'TAS','SELECT',1132,'246801');
Insert into PROPERTYDEFAULT (PROPERTYID,DEFAULTVALUE,EDITABLE,ORGID,CONTRACTTYPEID,PROPERTYDEFAULTID,ROWSTAMP) values ('ACCEPTPERIOD',null,1,'TAS','SELECT',1133,'246800');
Insert into PROPERTYDEFAULT (PROPERTYID,DEFAULTVALUE,EDITABLE,ORGID,CONTRACTTYPEID,PROPERTYDEFAULTID,ROWSTAMP) values ('ADDLINESONUSE','0',1,'TAS','SELECT',1134,'246799');
Insert into PROPERTYDEFAULT (PROPERTYID,DEFAULTVALUE,EDITABLE,ORGID,CONTRACTTYPEID,PROPERTYDEFAULTID,ROWSTAMP) values ('ADDPRODDISCOUNT',null,1,'TAS','SELECT',1441,'246492');
Insert into PROPERTYDEFAULT (PROPERTYID,DEFAULTVALUE,EDITABLE,ORGID,CONTRACTTYPEID,PROPERTYDEFAULTID,ROWSTAMP) values ('ADDSERVCOST',null,1,'TAS','SELECT',1442,'246491');
Insert into PROPERTYDEFAULT (PROPERTYID,DEFAULTVALUE,EDITABLE,ORGID,CONTRACTTYPEID,PROPERTYDEFAULTID,ROWSTAMP) values ('ADDSITECOST',null,1,'TAS','SELECT',1443,'246490');
Insert into PROPERTYDEFAULT (PROPERTYID,DEFAULTVALUE,EDITABLE,ORGID,CONTRACTTYPEID,PROPERTYDEFAULTID,ROWSTAMP) values ('ADDTRAINDISCOUNT',null,1,'TAS','SELECT',1444,'246489');
Insert into PROPERTYDEFAULT (PROPERTYID,DEFAULTVALUE,EDITABLE,ORGID,CONTRACTTYPEID,PROPERTYDEFAULTID,ROWSTAMP) values ('ASSIGNABILITY','0',1,'TAS','SELECT',1445,'246488');
Insert into PROPERTYDEFAULT (PROPERTYID,DEFAULTVALUE,EDITABLE,ORGID,CONTRACTTYPEID,PROPERTYDEFAULTID,ROWSTAMP) values ('AUTORENEWAL','0',1,'TAS','SELECT',1446,'246487');
Insert into PROPERTYDEFAULT (PROPERTYID,DEFAULTVALUE,EDITABLE,ORGID,CONTRACTTYPEID,PROPERTYDEFAULTID,ROWSTAMP) values ('CANCELNOTICE',null,1,'TAS','SELECT',1447,'246486');
Insert into PROPERTYDEFAULT (PROPERTYID,DEFAULTVALUE,EDITABLE,ORGID,CONTRACTTYPEID,PROPERTYDEFAULTID,ROWSTAMP) values ('CANEXCEEDVOLUME','1',1,'TAS','SELECT',1135,'246798');
Insert into PROPERTYDEFAULT (PROPERTYID,DEFAULTVALUE,EDITABLE,ORGID,CONTRACTTYPEID,PROPERTYDEFAULTID,ROWSTAMP) values ('CAPRATIO',null,1,'TAS','SELECT',1448,'246485');
Insert into PROPERTYDEFAULT (PROPERTYID,DEFAULTVALUE,EDITABLE,ORGID,CONTRACTTYPEID,PROPERTYDEFAULTID,ROWSTAMP) values ('CHGPRICEONUSE','0',1,'TAS','SELECT',1136,'246797');
Insert into PROPERTYDEFAULT (PROPERTYID,DEFAULTVALUE,EDITABLE,ORGID,CONTRACTTYPEID,PROPERTYDEFAULTID,ROWSTAMP) values ('CHGQTYONUSE','0',1,'TAS','SELECT',1137,'246796');
Insert into PROPERTYDEFAULT (PROPERTYID,DEFAULTVALUE,EDITABLE,ORGID,CONTRACTTYPEID,PROPERTYDEFAULTID,ROWSTAMP) values ('CONFIDENTIALITY','0',1,'TAS','SELECT',1449,'246484');
Insert into PROPERTYDEFAULT (PROPERTYID,DEFAULTVALUE,EDITABLE,ORGID,CONTRACTTYPEID,PROPERTYDEFAULTID,ROWSTAMP) values ('CREATEREL','0',1,'TAS','SELECT',1138,'246795');
Insert into PROPERTYDEFAULT (PROPERTYID,DEFAULTVALUE,EDITABLE,ORGID,CONTRACTTYPEID,PROPERTYDEFAULTID,ROWSTAMP) values ('DEDICSUPPTEAM','0',1,'TAS','SELECT',1450,'246483');
Insert into PROPERTYDEFAULT (PROPERTYID,DEFAULTVALUE,EDITABLE,ORGID,CONTRACTTYPEID,PROPERTYDEFAULTID,ROWSTAMP) values ('DISASTERRECOV','0',1,'TAS','SELECT',1451,'246482');
Insert into PROPERTYDEFAULT (PROPERTYID,DEFAULTVALUE,EDITABLE,ORGID,CONTRACTTYPEID,PROPERTYDEFAULTID,ROWSTAMP) values ('DIVESTRIGHT','0',1,'TAS','SELECT',1452,'246481');
Insert into PROPERTYDEFAULT (PROPERTYID,DEFAULTVALUE,EDITABLE,ORGID,CONTRACTTYPEID,PROPERTYDEFAULTID,ROWSTAMP) values ('DIVPERIOD',null,1,'TAS','SELECT',1453,'246480');
Insert into PROPERTYDEFAULT (PROPERTYID,DEFAULTVALUE,EDITABLE,ORGID,CONTRACTTYPEID,PROPERTYDEFAULTID,ROWSTAMP) values ('ENDDATE',null,1,'TAS','SELECT',1454,'246479');
Insert into PROPERTYDEFAULT (PROPERTYID,DEFAULTVALUE,EDITABLE,ORGID,CONTRACTTYPEID,PROPERTYDEFAULTID,ROWSTAMP) values ('ENHANCEMENT','0',1,'TAS','SELECT',1455,'246478');
Insert into PROPERTYDEFAULT (PROPERTYID,DEFAULTVALUE,EDITABLE,ORGID,CONTRACTTYPEID,PROPERTYDEFAULTID,ROWSTAMP) values ('FIXES','0',1,'TAS','SELECT',1456,'246477');
Insert into PROPERTYDEFAULT (PROPERTYID,DEFAULTVALUE,EDITABLE,ORGID,CONTRACTTYPEID,PROPERTYDEFAULTID,ROWSTAMP) values ('GENCOVERAGE',null,1,'TAS','SELECT',1457,'246476');
Insert into PROPERTYDEFAULT (PROPERTYID,DEFAULTVALUE,EDITABLE,ORGID,CONTRACTTYPEID,PROPERTYDEFAULTID,ROWSTAMP) values ('GLOBAL','0',1,'TAS','SELECT',1139,'246794');
Insert into PROPERTYDEFAULT (PROPERTYID,DEFAULTVALUE,EDITABLE,ORGID,CONTRACTTYPEID,PROPERTYDEFAULTID,ROWSTAMP) values ('LATEPMTPENALTY',null,1,'TAS','SELECT',1458,'246475');
Insert into PROPERTYDEFAULT (PROPERTYID,DEFAULTVALUE,EDITABLE,ORGID,CONTRACTTYPEID,PROPERTYDEFAULTID,ROWSTAMP) values ('LICKEY','0',1,'TAS','SELECT',1140,'246793');
Insert into PROPERTYDEFAULT (PROPERTYID,DEFAULTVALUE,EDITABLE,ORGID,CONTRACTTYPEID,PROPERTYDEFAULTID,ROWSTAMP) values ('MAINT','0',1,'TAS','SELECT',1459,'246474');
Insert into PROPERTYDEFAULT (PROPERTYID,DEFAULTVALUE,EDITABLE,ORGID,CONTRACTTYPEID,PROPERTYDEFAULTID,ROWSTAMP) values ('MAINTHIERARCHY','0',1,'TAS','SELECT',1141,'246792');
Insert into PROPERTYDEFAULT (PROPERTYID,DEFAULTVALUE,EDITABLE,ORGID,CONTRACTTYPEID,PROPERTYDEFAULTID,ROWSTAMP) values ('MAXRELVOL',null,1,'TAS','SELECT',1142,'246791');
Insert into PROPERTYDEFAULT (PROPERTYID,DEFAULTVALUE,EDITABLE,ORGID,CONTRACTTYPEID,PROPERTYDEFAULTID,ROWSTAMP) values ('MAXVOL',null,1,'TAS','SELECT',1143,'246790');
Insert into PROPERTYDEFAULT (PROPERTYID,DEFAULTVALUE,EDITABLE,ORGID,CONTRACTTYPEID,PROPERTYDEFAULTID,ROWSTAMP) values ('NEWRELEASE','0',1,'TAS','SELECT',1460,'246473');
Insert into PROPERTYDEFAULT (PROPERTYID,DEFAULTVALUE,EDITABLE,ORGID,CONTRACTTYPEID,PROPERTYDEFAULTID,ROWSTAMP) values ('NEWVERSION','0',1,'TAS','SELECT',1461,'246472');
Insert into PROPERTYDEFAULT (PROPERTYID,DEFAULTVALUE,EDITABLE,ORGID,CONTRACTTYPEID,PROPERTYDEFAULTID,ROWSTAMP) values ('PERPETUITY','0',1,'TAS','SELECT',1462,'246471');
Insert into PROPERTYDEFAULT (PROPERTYID,DEFAULTVALUE,EDITABLE,ORGID,CONTRACTTYPEID,PROPERTYDEFAULTID,ROWSTAMP) values ('PORTABILITY','0',1,'TAS','SELECT',1463,'246470');
Insert into PROPERTYDEFAULT (PROPERTYID,DEFAULTVALUE,EDITABLE,ORGID,CONTRACTTYPEID,PROPERTYDEFAULTID,ROWSTAMP) values ('PRODCOVERAGE',null,1,'TAS','SELECT',1464,'246469');
Insert into PROPERTYDEFAULT (PROPERTYID,DEFAULTVALUE,EDITABLE,ORGID,CONTRACTTYPEID,PROPERTYDEFAULTID,ROWSTAMP) values ('REINSTATDATE',null,1,'TAS','SELECT',1465,'246468');
Insert into PROPERTYDEFAULT (PROPERTYID,DEFAULTVALUE,EDITABLE,ORGID,CONTRACTTYPEID,PROPERTYDEFAULTID,ROWSTAMP) values ('SERVCOVERAGE',null,1,'TAS','SELECT',1466,'246467');
Insert into PROPERTYDEFAULT (PROPERTYID,DEFAULTVALUE,EDITABLE,ORGID,CONTRACTTYPEID,PROPERTYDEFAULTID,ROWSTAMP) values ('SHIPPINGLOSS','0',1,'TAS','SELECT',1144,'246789');
Insert into PROPERTYDEFAULT (PROPERTYID,DEFAULTVALUE,EDITABLE,ORGID,CONTRACTTYPEID,PROPERTYDEFAULTID,ROWSTAMP) values ('SUPPLEVELS',null,1,'TAS','SELECT',1467,'246466');
Insert into PROPERTYDEFAULT (PROPERTYID,DEFAULTVALUE,EDITABLE,ORGID,CONTRACTTYPEID,PROPERTYDEFAULTID,ROWSTAMP) values ('SUPPSERVERS',null,1,'TAS','SELECT',1468,'246465');
Insert into PROPERTYDEFAULT (PROPERTYID,DEFAULTVALUE,EDITABLE,ORGID,CONTRACTTYPEID,PROPERTYDEFAULTID,ROWSTAMP) values ('SUPPSITES',null,1,'TAS','SELECT',1469,'246464');
Insert into PROPERTYDEFAULT (PROPERTYID,DEFAULTVALUE,EDITABLE,ORGID,CONTRACTTYPEID,PROPERTYDEFAULTID,ROWSTAMP) values ('SUPPTEAM',null,1,'TAS','SELECT',1470,'246463');
Insert into PROPERTYDEFAULT (PROPERTYID,DEFAULTVALUE,EDITABLE,ORGID,CONTRACTTYPEID,PROPERTYDEFAULTID,ROWSTAMP) values ('TRANSFER','0',1,'TAS','SELECT',1145,'246788');
Insert into PROPERTYDEFAULT (PROPERTYID,DEFAULTVALUE,EDITABLE,ORGID,CONTRACTTYPEID,PROPERTYDEFAULTID,ROWSTAMP) values ('UPDATES','0',1,'TAS','SELECT',1471,'246462');
Insert into PROPERTYDEFAULT (PROPERTYID,DEFAULTVALUE,EDITABLE,ORGID,CONTRACTTYPEID,PROPERTYDEFAULTID,ROWSTAMP) values ('VERSUPPORT',null,1,'TAS','SELECT',1472,'246461');
Insert into PROPERTYDEFAULT (PROPERTYID,DEFAULTVALUE,EDITABLE,ORGID,CONTRACTTYPEID,PROPERTYDEFAULTID,ROWSTAMP) values ('WARRANTYPERIOD',null,1,'TAS','SELECT',1473,'246460');
Insert into PROPERTYDEFAULT (PROPERTYID,DEFAULTVALUE,EDITABLE,ORGID,CONTRACTTYPEID,PROPERTYDEFAULTID,ROWSTAMP) values ('WEBSUPPORT','0',1,'TAS','SELECT',1474,'246459');
Insert into PROPERTYDEFAULT (PROPERTYID,DEFAULTVALUE,EDITABLE,ORGID,CONTRACTTYPEID,PROPERTYDEFAULTID,ROWSTAMP) values ('AUTOEXTENDPERIOD',null,1,'TAS','SERVICE',1179,'246754');
Insert into PROPERTYDEFAULT (PROPERTYID,DEFAULTVALUE,EDITABLE,ORGID,CONTRACTTYPEID,PROPERTYDEFAULTID,ROWSTAMP) values ('CONDFOREXT',null,1,'TAS','SERVICE',1180,'246753');
Insert into PROPERTYDEFAULT (PROPERTYID,DEFAULTVALUE,EDITABLE,ORGID,CONTRACTTYPEID,PROPERTYDEFAULTID,ROWSTAMP) values ('CUSTNOTIFYPERIOD',null,1,'TAS','SERVICE',1181,'246752');
Insert into PROPERTYDEFAULT (PROPERTYID,DEFAULTVALUE,EDITABLE,ORGID,CONTRACTTYPEID,PROPERTYDEFAULTID,ROWSTAMP) values ('CUSTTERMALLOWED','1',1,'TAS','SERVICE',1182,'246751');
Insert into PROPERTYDEFAULT (PROPERTYID,DEFAULTVALUE,EDITABLE,ORGID,CONTRACTTYPEID,PROPERTYDEFAULTID,ROWSTAMP) values ('EXTENDABLE','0',1,'TAS','SERVICE',1183,'246750');
Insert into PROPERTYDEFAULT (PROPERTYID,DEFAULTVALUE,EDITABLE,ORGID,CONTRACTTYPEID,PROPERTYDEFAULTID,ROWSTAMP) values ('PAYMENTSCHED','1',0,'TAS','SERVICE',1184,'246749');
Insert into PROPERTYDEFAULT (PROPERTYID,DEFAULTVALUE,EDITABLE,ORGID,CONTRACTTYPEID,PROPERTYDEFAULTID,ROWSTAMP) values ('VENDNOTIFYPERIOD',null,1,'TAS','SERVICE',1185,'246748');
Insert into PROPERTYDEFAULT (PROPERTYID,DEFAULTVALUE,EDITABLE,ORGID,CONTRACTTYPEID,PROPERTYDEFAULTID,ROWSTAMP) values ('VENDTERMALLOWED','1',1,'TAS','SERVICE',1186,'246747');
Insert into PROPERTYDEFAULT (PROPERTYID,DEFAULTVALUE,EDITABLE,ORGID,CONTRACTTYPEID,PROPERTYDEFAULTID,ROWSTAMP) values ('ACCEPTANCE','0',1,'TAS','SFWCONTRACT',1300,'246633');
Insert into PROPERTYDEFAULT (PROPERTYID,DEFAULTVALUE,EDITABLE,ORGID,CONTRACTTYPEID,PROPERTYDEFAULTID,ROWSTAMP) values ('ACCEPTANCELOSS','0',1,'TAS','SFWCONTRACT',1076,'246857');
Insert into PROPERTYDEFAULT (PROPERTYID,DEFAULTVALUE,EDITABLE,ORGID,CONTRACTTYPEID,PROPERTYDEFAULTID,ROWSTAMP) values ('ACCEPTPERIOD',null,1,'TAS','SFWCONTRACT',1077,'246856');
Insert into PROPERTYDEFAULT (PROPERTYID,DEFAULTVALUE,EDITABLE,ORGID,CONTRACTTYPEID,PROPERTYDEFAULTID,ROWSTAMP) values ('ADDLINESONUSE','0',1,'TAS','SFWCONTRACT',1078,'246855');
Insert into PROPERTYDEFAULT (PROPERTYID,DEFAULTVALUE,EDITABLE,ORGID,CONTRACTTYPEID,PROPERTYDEFAULTID,ROWSTAMP) values ('ADDPRODDISCOUNT',null,1,'TAS','SFWCONTRACT',1308,'246625');
Insert into PROPERTYDEFAULT (PROPERTYID,DEFAULTVALUE,EDITABLE,ORGID,CONTRACTTYPEID,PROPERTYDEFAULTID,ROWSTAMP) values ('ADDSERVCOST',null,1,'TAS','SFWCONTRACT',1319,'246614');
Insert into PROPERTYDEFAULT (PROPERTYID,DEFAULTVALUE,EDITABLE,ORGID,CONTRACTTYPEID,PROPERTYDEFAULTID,ROWSTAMP) values ('ADDSITECOST',null,1,'TAS','SFWCONTRACT',1320,'246613');
Insert into PROPERTYDEFAULT (PROPERTYID,DEFAULTVALUE,EDITABLE,ORGID,CONTRACTTYPEID,PROPERTYDEFAULTID,ROWSTAMP) values ('ADDTRAINDISCOUNT',null,1,'TAS','SFWCONTRACT',1309,'246624');
Insert into PROPERTYDEFAULT (PROPERTYID,DEFAULTVALUE,EDITABLE,ORGID,CONTRACTTYPEID,PROPERTYDEFAULTID,ROWSTAMP) values ('ASSIGNABILITY','0',1,'TAS','SFWCONTRACT',1312,'246621');
Insert into PROPERTYDEFAULT (PROPERTYID,DEFAULTVALUE,EDITABLE,ORGID,CONTRACTTYPEID,PROPERTYDEFAULTID,ROWSTAMP) values ('AUTORENEWAL','0',1,'TAS','SFWCONTRACT',1302,'246631');
Insert into PROPERTYDEFAULT (PROPERTYID,DEFAULTVALUE,EDITABLE,ORGID,CONTRACTTYPEID,PROPERTYDEFAULTID,ROWSTAMP) values ('CANCELNOTICE',null,1,'TAS','SFWCONTRACT',1322,'246611');
Insert into PROPERTYDEFAULT (PROPERTYID,DEFAULTVALUE,EDITABLE,ORGID,CONTRACTTYPEID,PROPERTYDEFAULTID,ROWSTAMP) values ('CANEXCEEDVOLUME','1',1,'TAS','SFWCONTRACT',1079,'246854');
Insert into PROPERTYDEFAULT (PROPERTYID,DEFAULTVALUE,EDITABLE,ORGID,CONTRACTTYPEID,PROPERTYDEFAULTID,ROWSTAMP) values ('CAPRATIO',null,1,'TAS','SFWCONTRACT',1321,'246612');
Insert into PROPERTYDEFAULT (PROPERTYID,DEFAULTVALUE,EDITABLE,ORGID,CONTRACTTYPEID,PROPERTYDEFAULTID,ROWSTAMP) values ('CHGPRICEONUSE','0',1,'TAS','SFWCONTRACT',1080,'246853');
Insert into PROPERTYDEFAULT (PROPERTYID,DEFAULTVALUE,EDITABLE,ORGID,CONTRACTTYPEID,PROPERTYDEFAULTID,ROWSTAMP) values ('CHGQTYONUSE','0',1,'TAS','SFWCONTRACT',1081,'246852');
Insert into PROPERTYDEFAULT (PROPERTYID,DEFAULTVALUE,EDITABLE,ORGID,CONTRACTTYPEID,PROPERTYDEFAULTID,ROWSTAMP) values ('CONFIDENTIALITY','0',1,'TAS','SFWCONTRACT',1303,'246630');
Insert into PROPERTYDEFAULT (PROPERTYID,DEFAULTVALUE,EDITABLE,ORGID,CONTRACTTYPEID,PROPERTYDEFAULTID,ROWSTAMP) values ('CREATEREL','0',1,'TAS','SFWCONTRACT',1082,'246851');
Insert into PROPERTYDEFAULT (PROPERTYID,DEFAULTVALUE,EDITABLE,ORGID,CONTRACTTYPEID,PROPERTYDEFAULTID,ROWSTAMP) values ('DEDICSUPPTEAM','0',1,'TAS','SFWCONTRACT',1329,'246604');
Insert into PROPERTYDEFAULT (PROPERTYID,DEFAULTVALUE,EDITABLE,ORGID,CONTRACTTYPEID,PROPERTYDEFAULTID,ROWSTAMP) values ('DISASTERRECOV','0',1,'TAS','SFWCONTRACT',1305,'246628');
Insert into PROPERTYDEFAULT (PROPERTYID,DEFAULTVALUE,EDITABLE,ORGID,CONTRACTTYPEID,PROPERTYDEFAULTID,ROWSTAMP) values ('DIVESTRIGHT','0',1,'TAS','SFWCONTRACT',1306,'246627');
Insert into PROPERTYDEFAULT (PROPERTYID,DEFAULTVALUE,EDITABLE,ORGID,CONTRACTTYPEID,PROPERTYDEFAULTID,ROWSTAMP) values ('DIVPERIOD',null,1,'TAS','SFWCONTRACT',1307,'246626');
Insert into PROPERTYDEFAULT (PROPERTYID,DEFAULTVALUE,EDITABLE,ORGID,CONTRACTTYPEID,PROPERTYDEFAULTID,ROWSTAMP) values ('ENDDATE',null,1,'TAS','SFWCONTRACT',1324,'246609');
Insert into PROPERTYDEFAULT (PROPERTYID,DEFAULTVALUE,EDITABLE,ORGID,CONTRACTTYPEID,PROPERTYDEFAULTID,ROWSTAMP) values ('ENHANCEMENT','0',1,'TAS','SFWCONTRACT',1314,'246619');
Insert into PROPERTYDEFAULT (PROPERTYID,DEFAULTVALUE,EDITABLE,ORGID,CONTRACTTYPEID,PROPERTYDEFAULTID,ROWSTAMP) values ('FIXES','0',1,'TAS','SFWCONTRACT',1315,'246618');
Insert into PROPERTYDEFAULT (PROPERTYID,DEFAULTVALUE,EDITABLE,ORGID,CONTRACTTYPEID,PROPERTYDEFAULTID,ROWSTAMP) values ('GENCOVERAGE',null,1,'TAS','SFWCONTRACT',1333,'246600');
Insert into PROPERTYDEFAULT (PROPERTYID,DEFAULTVALUE,EDITABLE,ORGID,CONTRACTTYPEID,PROPERTYDEFAULTID,ROWSTAMP) values ('GLOBAL','0',1,'TAS','SFWCONTRACT',1083,'246850');
Insert into PROPERTYDEFAULT (PROPERTYID,DEFAULTVALUE,EDITABLE,ORGID,CONTRACTTYPEID,PROPERTYDEFAULTID,ROWSTAMP) values ('LATEPMTPENALTY',null,1,'TAS','SFWCONTRACT',1310,'246623');
Insert into PROPERTYDEFAULT (PROPERTYID,DEFAULTVALUE,EDITABLE,ORGID,CONTRACTTYPEID,PROPERTYDEFAULTID,ROWSTAMP) values ('LICKEY','0',1,'TAS','SFWCONTRACT',1084,'246849');
Insert into PROPERTYDEFAULT (PROPERTYID,DEFAULTVALUE,EDITABLE,ORGID,CONTRACTTYPEID,PROPERTYDEFAULTID,ROWSTAMP) values ('MAINT','0',1,'TAS','SFWCONTRACT',1313,'246620');
Insert into PROPERTYDEFAULT (PROPERTYID,DEFAULTVALUE,EDITABLE,ORGID,CONTRACTTYPEID,PROPERTYDEFAULTID,ROWSTAMP) values ('MAINTHIERARCHY','0',1,'TAS','SFWCONTRACT',1085,'246848');
Insert into PROPERTYDEFAULT (PROPERTYID,DEFAULTVALUE,EDITABLE,ORGID,CONTRACTTYPEID,PROPERTYDEFAULTID,ROWSTAMP) values ('MAXRELVOL',null,1,'TAS','SFWCONTRACT',1086,'246847');
Insert into PROPERTYDEFAULT (PROPERTYID,DEFAULTVALUE,EDITABLE,ORGID,CONTRACTTYPEID,PROPERTYDEFAULTID,ROWSTAMP) values ('MAXVOL',null,1,'TAS','SFWCONTRACT',1087,'246846');
Insert into PROPERTYDEFAULT (PROPERTYID,DEFAULTVALUE,EDITABLE,ORGID,CONTRACTTYPEID,PROPERTYDEFAULTID,ROWSTAMP) values ('NEWRELEASE','0',1,'TAS','SFWCONTRACT',1316,'246617');
Insert into PROPERTYDEFAULT (PROPERTYID,DEFAULTVALUE,EDITABLE,ORGID,CONTRACTTYPEID,PROPERTYDEFAULTID,ROWSTAMP) values ('NEWVERSION','0',1,'TAS','SFWCONTRACT',1317,'246616');
Insert into PROPERTYDEFAULT (PROPERTYID,DEFAULTVALUE,EDITABLE,ORGID,CONTRACTTYPEID,PROPERTYDEFAULTID,ROWSTAMP) values ('PERPETUITY','0',1,'TAS','SFWCONTRACT',1301,'246632');
Insert into PROPERTYDEFAULT (PROPERTYID,DEFAULTVALUE,EDITABLE,ORGID,CONTRACTTYPEID,PROPERTYDEFAULTID,ROWSTAMP) values ('PORTABILITY','0',1,'TAS','SFWCONTRACT',1311,'246622');
Insert into PROPERTYDEFAULT (PROPERTYID,DEFAULTVALUE,EDITABLE,ORGID,CONTRACTTYPEID,PROPERTYDEFAULTID,ROWSTAMP) values ('PRODCOVERAGE',null,1,'TAS','SFWCONTRACT',1332,'246601');
Insert into PROPERTYDEFAULT (PROPERTYID,DEFAULTVALUE,EDITABLE,ORGID,CONTRACTTYPEID,PROPERTYDEFAULTID,ROWSTAMP) values ('REINSTATDATE',null,1,'TAS','SFWCONTRACT',1323,'246610');
Insert into PROPERTYDEFAULT (PROPERTYID,DEFAULTVALUE,EDITABLE,ORGID,CONTRACTTYPEID,PROPERTYDEFAULTID,ROWSTAMP) values ('SERVCOVERAGE',null,1,'TAS','SFWCONTRACT',1328,'246605');
Insert into PROPERTYDEFAULT (PROPERTYID,DEFAULTVALUE,EDITABLE,ORGID,CONTRACTTYPEID,PROPERTYDEFAULTID,ROWSTAMP) values ('SHIPPINGLOSS','0',1,'TAS','SFWCONTRACT',1088,'246845');
Insert into PROPERTYDEFAULT (PROPERTYID,DEFAULTVALUE,EDITABLE,ORGID,CONTRACTTYPEID,PROPERTYDEFAULTID,ROWSTAMP) values ('SUPPLEVELS',null,1,'TAS','SFWCONTRACT',1327,'246606');
Insert into PROPERTYDEFAULT (PROPERTYID,DEFAULTVALUE,EDITABLE,ORGID,CONTRACTTYPEID,PROPERTYDEFAULTID,ROWSTAMP) values ('SUPPSERVERS',null,1,'TAS','SFWCONTRACT',1325,'246608');
Insert into PROPERTYDEFAULT (PROPERTYID,DEFAULTVALUE,EDITABLE,ORGID,CONTRACTTYPEID,PROPERTYDEFAULTID,ROWSTAMP) values ('SUPPSITES',null,1,'TAS','SFWCONTRACT',1326,'246607');
Insert into PROPERTYDEFAULT (PROPERTYID,DEFAULTVALUE,EDITABLE,ORGID,CONTRACTTYPEID,PROPERTYDEFAULTID,ROWSTAMP) values ('SUPPTEAM',null,1,'TAS','SFWCONTRACT',1330,'246603');
Insert into PROPERTYDEFAULT (PROPERTYID,DEFAULTVALUE,EDITABLE,ORGID,CONTRACTTYPEID,PROPERTYDEFAULTID,ROWSTAMP) values ('TRANSFER','0',1,'TAS','SFWCONTRACT',1089,'246844');
Insert into PROPERTYDEFAULT (PROPERTYID,DEFAULTVALUE,EDITABLE,ORGID,CONTRACTTYPEID,PROPERTYDEFAULTID,ROWSTAMP) values ('UPDATES','0',1,'TAS','SFWCONTRACT',1318,'246615');
Insert into PROPERTYDEFAULT (PROPERTYID,DEFAULTVALUE,EDITABLE,ORGID,CONTRACTTYPEID,PROPERTYDEFAULTID,ROWSTAMP) values ('VERSUPPORT',null,1,'TAS','SFWCONTRACT',1331,'246602');
Insert into PROPERTYDEFAULT (PROPERTYID,DEFAULTVALUE,EDITABLE,ORGID,CONTRACTTYPEID,PROPERTYDEFAULTID,ROWSTAMP) values ('WARRANTYPERIOD',null,1,'TAS','SFWCONTRACT',1304,'246629');
Insert into PROPERTYDEFAULT (PROPERTYID,DEFAULTVALUE,EDITABLE,ORGID,CONTRACTTYPEID,PROPERTYDEFAULTID,ROWSTAMP) values ('WEBSUPPORT','0',1,'TAS','SFWCONTRACT',1334,'246599');
Insert into PROPERTYDEFAULT (PROPERTYID,DEFAULTVALUE,EDITABLE,ORGID,CONTRACTTYPEID,PROPERTYDEFAULTID,ROWSTAMP) values ('ACCEPTANCE','0',1,'TAS','SUBSCRIPTION',1475,'246458');
Insert into PROPERTYDEFAULT (PROPERTYID,DEFAULTVALUE,EDITABLE,ORGID,CONTRACTTYPEID,PROPERTYDEFAULTID,ROWSTAMP) values ('ACCEPTANCELOSS','0',1,'TAS','SUBSCRIPTION',1146,'246787');
Insert into PROPERTYDEFAULT (PROPERTYID,DEFAULTVALUE,EDITABLE,ORGID,CONTRACTTYPEID,PROPERTYDEFAULTID,ROWSTAMP) values ('ACCEPTPERIOD',null,1,'TAS','SUBSCRIPTION',1147,'246786');
Insert into PROPERTYDEFAULT (PROPERTYID,DEFAULTVALUE,EDITABLE,ORGID,CONTRACTTYPEID,PROPERTYDEFAULTID,ROWSTAMP) values ('ADDLINESONUSE','0',1,'TAS','SUBSCRIPTION',1148,'246785');
Insert into PROPERTYDEFAULT (PROPERTYID,DEFAULTVALUE,EDITABLE,ORGID,CONTRACTTYPEID,PROPERTYDEFAULTID,ROWSTAMP) values ('ADDPRODDISCOUNT',null,1,'TAS','SUBSCRIPTION',1476,'246457');
Insert into PROPERTYDEFAULT (PROPERTYID,DEFAULTVALUE,EDITABLE,ORGID,CONTRACTTYPEID,PROPERTYDEFAULTID,ROWSTAMP) values ('ADDSERVCOST',null,1,'TAS','SUBSCRIPTION',1477,'246456');
Insert into PROPERTYDEFAULT (PROPERTYID,DEFAULTVALUE,EDITABLE,ORGID,CONTRACTTYPEID,PROPERTYDEFAULTID,ROWSTAMP) values ('ADDSITECOST',null,1,'TAS','SUBSCRIPTION',1478,'246455');
Insert into PROPERTYDEFAULT (PROPERTYID,DEFAULTVALUE,EDITABLE,ORGID,CONTRACTTYPEID,PROPERTYDEFAULTID,ROWSTAMP) values ('ADDTRAINDISCOUNT',null,1,'TAS','SUBSCRIPTION',1045,'246888');
Insert into PROPERTYDEFAULT (PROPERTYID,DEFAULTVALUE,EDITABLE,ORGID,CONTRACTTYPEID,PROPERTYDEFAULTID,ROWSTAMP) values ('ASSIGNABILITY','0',1,'TAS','SUBSCRIPTION',1046,'246887');
Insert into PROPERTYDEFAULT (PROPERTYID,DEFAULTVALUE,EDITABLE,ORGID,CONTRACTTYPEID,PROPERTYDEFAULTID,ROWSTAMP) values ('AUTORENEWAL','0',1,'TAS','SUBSCRIPTION',1047,'246886');
Insert into PROPERTYDEFAULT (PROPERTYID,DEFAULTVALUE,EDITABLE,ORGID,CONTRACTTYPEID,PROPERTYDEFAULTID,ROWSTAMP) values ('CANCELNOTICE',null,1,'TAS','SUBSCRIPTION',1048,'246885');
Insert into PROPERTYDEFAULT (PROPERTYID,DEFAULTVALUE,EDITABLE,ORGID,CONTRACTTYPEID,PROPERTYDEFAULTID,ROWSTAMP) values ('CANEXCEEDVOLUME','1',1,'TAS','SUBSCRIPTION',1149,'246784');
Insert into PROPERTYDEFAULT (PROPERTYID,DEFAULTVALUE,EDITABLE,ORGID,CONTRACTTYPEID,PROPERTYDEFAULTID,ROWSTAMP) values ('CAPRATIO',null,1,'TAS','SUBSCRIPTION',1049,'246884');
Insert into PROPERTYDEFAULT (PROPERTYID,DEFAULTVALUE,EDITABLE,ORGID,CONTRACTTYPEID,PROPERTYDEFAULTID,ROWSTAMP) values ('CHGPRICEONUSE','0',1,'TAS','SUBSCRIPTION',1150,'246783');
Insert into PROPERTYDEFAULT (PROPERTYID,DEFAULTVALUE,EDITABLE,ORGID,CONTRACTTYPEID,PROPERTYDEFAULTID,ROWSTAMP) values ('CHGQTYONUSE','0',1,'TAS','SUBSCRIPTION',1151,'246782');
Insert into PROPERTYDEFAULT (PROPERTYID,DEFAULTVALUE,EDITABLE,ORGID,CONTRACTTYPEID,PROPERTYDEFAULTID,ROWSTAMP) values ('CONFIDENTIALITY','0',1,'TAS','SUBSCRIPTION',1050,'246883');
Insert into PROPERTYDEFAULT (PROPERTYID,DEFAULTVALUE,EDITABLE,ORGID,CONTRACTTYPEID,PROPERTYDEFAULTID,ROWSTAMP) values ('CREATEREL','0',1,'TAS','SUBSCRIPTION',1152,'246781');
Insert into PROPERTYDEFAULT (PROPERTYID,DEFAULTVALUE,EDITABLE,ORGID,CONTRACTTYPEID,PROPERTYDEFAULTID,ROWSTAMP) values ('DEDICSUPPTEAM','0',1,'TAS','SUBSCRIPTION',1051,'246882');
Insert into PROPERTYDEFAULT (PROPERTYID,DEFAULTVALUE,EDITABLE,ORGID,CONTRACTTYPEID,PROPERTYDEFAULTID,ROWSTAMP) values ('DISASTERRECOV','0',1,'TAS','SUBSCRIPTION',1052,'246881');
Insert into PROPERTYDEFAULT (PROPERTYID,DEFAULTVALUE,EDITABLE,ORGID,CONTRACTTYPEID,PROPERTYDEFAULTID,ROWSTAMP) values ('DIVESTRIGHT','0',1,'TAS','SUBSCRIPTION',1053,'246880');
Insert into PROPERTYDEFAULT (PROPERTYID,DEFAULTVALUE,EDITABLE,ORGID,CONTRACTTYPEID,PROPERTYDEFAULTID,ROWSTAMP) values ('DIVPERIOD',null,1,'TAS','SUBSCRIPTION',1054,'246879');
Insert into PROPERTYDEFAULT (PROPERTYID,DEFAULTVALUE,EDITABLE,ORGID,CONTRACTTYPEID,PROPERTYDEFAULTID,ROWSTAMP) values ('ENDDATE',null,1,'TAS','SUBSCRIPTION',1055,'246878');
Insert into PROPERTYDEFAULT (PROPERTYID,DEFAULTVALUE,EDITABLE,ORGID,CONTRACTTYPEID,PROPERTYDEFAULTID,ROWSTAMP) values ('ENHANCEMENT','0',1,'TAS','SUBSCRIPTION',1056,'246877');
Insert into PROPERTYDEFAULT (PROPERTYID,DEFAULTVALUE,EDITABLE,ORGID,CONTRACTTYPEID,PROPERTYDEFAULTID,ROWSTAMP) values ('FIXES','0',1,'TAS','SUBSCRIPTION',1057,'246876');
Insert into PROPERTYDEFAULT (PROPERTYID,DEFAULTVALUE,EDITABLE,ORGID,CONTRACTTYPEID,PROPERTYDEFAULTID,ROWSTAMP) values ('GENCOVERAGE',null,1,'TAS','SUBSCRIPTION',1058,'246875');
Insert into PROPERTYDEFAULT (PROPERTYID,DEFAULTVALUE,EDITABLE,ORGID,CONTRACTTYPEID,PROPERTYDEFAULTID,ROWSTAMP) values ('GLOBAL','0',1,'TAS','SUBSCRIPTION',1153,'246780');
Insert into PROPERTYDEFAULT (PROPERTYID,DEFAULTVALUE,EDITABLE,ORGID,CONTRACTTYPEID,PROPERTYDEFAULTID,ROWSTAMP) values ('LATEPMTPENALTY',null,1,'TAS','SUBSCRIPTION',1059,'246874');
Insert into PROPERTYDEFAULT (PROPERTYID,DEFAULTVALUE,EDITABLE,ORGID,CONTRACTTYPEID,PROPERTYDEFAULTID,ROWSTAMP) values ('LICKEY','0',1,'TAS','SUBSCRIPTION',1154,'246779');
Insert into PROPERTYDEFAULT (PROPERTYID,DEFAULTVALUE,EDITABLE,ORGID,CONTRACTTYPEID,PROPERTYDEFAULTID,ROWSTAMP) values ('MAINT','0',1,'TAS','SUBSCRIPTION',1060,'246873');
Insert into PROPERTYDEFAULT (PROPERTYID,DEFAULTVALUE,EDITABLE,ORGID,CONTRACTTYPEID,PROPERTYDEFAULTID,ROWSTAMP) values ('MAINTHIERARCHY','0',1,'TAS','SUBSCRIPTION',1155,'246778');
Insert into PROPERTYDEFAULT (PROPERTYID,DEFAULTVALUE,EDITABLE,ORGID,CONTRACTTYPEID,PROPERTYDEFAULTID,ROWSTAMP) values ('MAXRELVOL',null,1,'TAS','SUBSCRIPTION',1156,'246777');
Insert into PROPERTYDEFAULT (PROPERTYID,DEFAULTVALUE,EDITABLE,ORGID,CONTRACTTYPEID,PROPERTYDEFAULTID,ROWSTAMP) values ('MAXVOL',null,1,'TAS','SUBSCRIPTION',1157,'246776');
Insert into PROPERTYDEFAULT (PROPERTYID,DEFAULTVALUE,EDITABLE,ORGID,CONTRACTTYPEID,PROPERTYDEFAULTID,ROWSTAMP) values ('NEWRELEASE','0',1,'TAS','SUBSCRIPTION',1061,'246872');
Insert into PROPERTYDEFAULT (PROPERTYID,DEFAULTVALUE,EDITABLE,ORGID,CONTRACTTYPEID,PROPERTYDEFAULTID,ROWSTAMP) values ('NEWVERSION','0',1,'TAS','SUBSCRIPTION',1062,'246871');
Insert into PROPERTYDEFAULT (PROPERTYID,DEFAULTVALUE,EDITABLE,ORGID,CONTRACTTYPEID,PROPERTYDEFAULTID,ROWSTAMP) values ('PERPETUITY','0',1,'TAS','SUBSCRIPTION',1063,'246870');
Insert into PROPERTYDEFAULT (PROPERTYID,DEFAULTVALUE,EDITABLE,ORGID,CONTRACTTYPEID,PROPERTYDEFAULTID,ROWSTAMP) values ('PORTABILITY','0',1,'TAS','SUBSCRIPTION',1064,'246869');
Insert into PROPERTYDEFAULT (PROPERTYID,DEFAULTVALUE,EDITABLE,ORGID,CONTRACTTYPEID,PROPERTYDEFAULTID,ROWSTAMP) values ('PRODCOVERAGE',null,1,'TAS','SUBSCRIPTION',1065,'246868');
Insert into PROPERTYDEFAULT (PROPERTYID,DEFAULTVALUE,EDITABLE,ORGID,CONTRACTTYPEID,PROPERTYDEFAULTID,ROWSTAMP) values ('REINSTATDATE',null,1,'TAS','SUBSCRIPTION',1066,'246867');
Insert into PROPERTYDEFAULT (PROPERTYID,DEFAULTVALUE,EDITABLE,ORGID,CONTRACTTYPEID,PROPERTYDEFAULTID,ROWSTAMP) values ('SERVCOVERAGE',null,1,'TAS','SUBSCRIPTION',1067,'246866');
Insert into PROPERTYDEFAULT (PROPERTYID,DEFAULTVALUE,EDITABLE,ORGID,CONTRACTTYPEID,PROPERTYDEFAULTID,ROWSTAMP) values ('SHIPPINGLOSS','0',1,'TAS','SUBSCRIPTION',1158,'246775');
Insert into PROPERTYDEFAULT (PROPERTYID,DEFAULTVALUE,EDITABLE,ORGID,CONTRACTTYPEID,PROPERTYDEFAULTID,ROWSTAMP) values ('SUPPLEVELS',null,1,'TAS','SUBSCRIPTION',1068,'246865');
Insert into PROPERTYDEFAULT (PROPERTYID,DEFAULTVALUE,EDITABLE,ORGID,CONTRACTTYPEID,PROPERTYDEFAULTID,ROWSTAMP) values ('SUPPSERVERS',null,1,'TAS','SUBSCRIPTION',1069,'246864');
Insert into PROPERTYDEFAULT (PROPERTYID,DEFAULTVALUE,EDITABLE,ORGID,CONTRACTTYPEID,PROPERTYDEFAULTID,ROWSTAMP) values ('SUPPSITES',null,1,'TAS','SUBSCRIPTION',1070,'246863');
Insert into PROPERTYDEFAULT (PROPERTYID,DEFAULTVALUE,EDITABLE,ORGID,CONTRACTTYPEID,PROPERTYDEFAULTID,ROWSTAMP) values ('SUPPTEAM',null,1,'TAS','SUBSCRIPTION',1071,'246862');
Insert into PROPERTYDEFAULT (PROPERTYID,DEFAULTVALUE,EDITABLE,ORGID,CONTRACTTYPEID,PROPERTYDEFAULTID,ROWSTAMP) values ('TRANSFER','0',1,'TAS','SUBSCRIPTION',1159,'246774');
Insert into PROPERTYDEFAULT (PROPERTYID,DEFAULTVALUE,EDITABLE,ORGID,CONTRACTTYPEID,PROPERTYDEFAULTID,ROWSTAMP) values ('UPDATES','0',1,'TAS','SUBSCRIPTION',1072,'246861');
Insert into PROPERTYDEFAULT (PROPERTYID,DEFAULTVALUE,EDITABLE,ORGID,CONTRACTTYPEID,PROPERTYDEFAULTID,ROWSTAMP) values ('VERSUPPORT',null,1,'TAS','SUBSCRIPTION',1073,'246860');
Insert into PROPERTYDEFAULT (PROPERTYID,DEFAULTVALUE,EDITABLE,ORGID,CONTRACTTYPEID,PROPERTYDEFAULTID,ROWSTAMP) values ('WARRANTYPERIOD',null,1,'TAS','SUBSCRIPTION',1074,'246859');
Insert into PROPERTYDEFAULT (PROPERTYID,DEFAULTVALUE,EDITABLE,ORGID,CONTRACTTYPEID,PROPERTYDEFAULTID,ROWSTAMP) values ('WEBSUPPORT','0',1,'TAS','SUBSCRIPTION',1075,'246858');
Insert into PROPERTYDEFAULT (PROPERTYID,DEFAULTVALUE,EDITABLE,ORGID,CONTRACTTYPEID,PROPERTYDEFAULTID,ROWSTAMP) values ('AUTOEXTENDPERIOD',null,1,'TAS','WARRANTY',1170,'246763');
Insert into PROPERTYDEFAULT (PROPERTYID,DEFAULTVALUE,EDITABLE,ORGID,CONTRACTTYPEID,PROPERTYDEFAULTID,ROWSTAMP) values ('CONDFOREXT',null,1,'TAS','WARRANTY',1171,'246762');
Insert into PROPERTYDEFAULT (PROPERTYID,DEFAULTVALUE,EDITABLE,ORGID,CONTRACTTYPEID,PROPERTYDEFAULTID,ROWSTAMP) values ('CUSTNOTIFYPERIOD',null,1,'TAS','WARRANTY',1172,'246761');
Insert into PROPERTYDEFAULT (PROPERTYID,DEFAULTVALUE,EDITABLE,ORGID,CONTRACTTYPEID,PROPERTYDEFAULTID,ROWSTAMP) values ('CUSTTERMALLOWED','1',1,'TAS','WARRANTY',1173,'246760');
Insert into PROPERTYDEFAULT (PROPERTYID,DEFAULTVALUE,EDITABLE,ORGID,CONTRACTTYPEID,PROPERTYDEFAULTID,ROWSTAMP) values ('EXTENDABLE','0',1,'TAS','WARRANTY',1174,'246759');
Insert into PROPERTYDEFAULT (PROPERTYID,DEFAULTVALUE,EDITABLE,ORGID,CONTRACTTYPEID,PROPERTYDEFAULTID,ROWSTAMP) values ('PAYMENTSCHED','0',0,'TAS','WARRANTY',1175,'246758');
Insert into PROPERTYDEFAULT (PROPERTYID,DEFAULTVALUE,EDITABLE,ORGID,CONTRACTTYPEID,PROPERTYDEFAULTID,ROWSTAMP) values ('PROCESSCLAIM','1',1,'TAS','WARRANTY',1176,'246757');
Insert into PROPERTYDEFAULT (PROPERTYID,DEFAULTVALUE,EDITABLE,ORGID,CONTRACTTYPEID,PROPERTYDEFAULTID,ROWSTAMP) values ('VENDNOTIFYPERIOD',null,1,'TAS','WARRANTY',1177,'246756');
Insert into PROPERTYDEFAULT (PROPERTYID,DEFAULTVALUE,EDITABLE,ORGID,CONTRACTTYPEID,PROPERTYDEFAULTID,ROWSTAMP) values ('VENDTERMALLOWED','1',1,'TAS','WARRANTY',1178,'246755');

Insert into SITE (SITEID,DESCRIPTION,ENTERBY,ENTERDATE,CHANGEBY,CHANGEDATE,ORGID,ACTIVE,SITEUID,CONTACT,CONTACTGROUP,LANGCODE,HASLD) 
values ('TASWATER','Tasmania Water','MAXADMIN',to_date('27/SEP/14','DD/MON/RR'),'MAXADMIN',to_date('27/SEP/14','DD/MON/RR'),'TAS',0,1,null,null,'EN',0);

Insert into MAXVARS (VARNAME,VARVALUE,ORGID,SITEID,MAXVARSID) select varname, defaultvalue, null, 'TASWATER', maxvarsseq.nextval from maxvartype where vartype = 'SITE' and varname not in (select varname from maxvars where orgid = 'TASWATER');

Insert into PRICALC (FINDEX,FORMULA,SELECTED,ORGID,SITEID,PRICALCID,ROWSTAMP) values (5,'PRIORITY + 2 * EQPRIORITY',0,'TAS','TASWATER',6,'248199');
Insert into PRICALC (FINDEX,FORMULA,SELECTED,ORGID,SITEID,PRICALCID,ROWSTAMP) values (4,'2 * PRIORITY + EQPRIORITY',0,'TAS','TASWATER',5,'248200');
Insert into PRICALC (FINDEX,FORMULA,SELECTED,ORGID,SITEID,PRICALCID,ROWSTAMP) values (3,'PRIORITY + EQPRIORITY',0,'TAS','TASWATER',4,'248201');
Insert into PRICALC (FINDEX,FORMULA,SELECTED,ORGID,SITEID,PRICALCID,ROWSTAMP) values (2,'EQPRIORITY',0,'TAS','TASWATER',3,'248202');
Insert into PRICALC (FINDEX,FORMULA,SELECTED,ORGID,SITEID,PRICALCID,ROWSTAMP) values (1,'PRIORITY',1,'TAS','TASWATER',2,'248203');
Insert into PRICALC (FINDEX,FORMULA,SELECTED,ORGID,SITEID,PRICALCID,ROWSTAMP) values (0,'NONE',0,'TAS','TASWATER',1,'248204');

Insert into WORKPRIORITY (PRIORITY,RESPONSETIME,ORGID,SITEID,WORKPRIORITYID,ROWSTAMP) values (5,240,'TAS','TASWATER',5,'248205');
Insert into WORKPRIORITY (PRIORITY,RESPONSETIME,ORGID,SITEID,WORKPRIORITYID,ROWSTAMP) values (4,480,'TAS','TASWATER',4,'248206');
Insert into WORKPRIORITY (PRIORITY,RESPONSETIME,ORGID,SITEID,WORKPRIORITYID,ROWSTAMP) values (3,960,'TAS','TASWATER',3,'248207');
Insert into WORKPRIORITY (PRIORITY,RESPONSETIME,ORGID,SITEID,WORKPRIORITYID,ROWSTAMP) values (2,1440,'TAS','TASWATER',2,'248208');
Insert into WORKPRIORITY (PRIORITY,RESPONSETIME,ORGID,SITEID,WORKPRIORITYID,ROWSTAMP) values (1,1920,'TAS','TASWATER',1,'248209');

Insert into LOCATIONS (
LOCATION,DESCRIPTION,TYPE,CONTROLACC,GLACCOUNT,PURCHVARACC,INVOICEVARACC,CURVARACC,SHRINKAGEACC,INVCOSTADJACC,
RECEIPTVARACC,CHANGEBY,CHANGEDATE,DISABLED,OLDCONTROLACC,OLDSHRINKAGEACC,OLDINVCOSTADJACC,CLASSSTRUCTUREID,GISPARAM1,GISPARAM2,
GISPARAM3,SOURCESYSID,OWNERSYSID,EXTERNALREFID,SENDERSYSID,SITEID,ORGID,
INTLABREC,ISDEFAULT,SHIPTOADDRESSCODE,SHIPTOLABORCODE,BILLTOADDRESSCODE,BILLTOLABORCODE,STATUS,SERVICEADDRESSCODE,LOCATIONSID,USEINPOPR,
TOOLCONTROLACC,LANGCODE,HASLD,AUTOWOGEN,STATUSDATE,INVOWNER,ISREPAIRFACILITY,
PLUSCLOOP,PLUSCPMEXTDATE,
ROWSTAMP) 
values (
'HOLDING',null,'HOLDING',null,null,null,null,null,null,null,
null,'MAXADMIN',to_date('06/AUG/14','DD/MON/RR'),0,null,null,null,null,null,null,
null,null,null,null,null,'TASWATER','TAS',
null,0,null,null,null,null,'OPERATING',null,1,0,
null,'EN',0,0,to_date('06/AUG/14','DD/MON/RR'),null,0,
0,0,
'248210');

Insert into LOCSTATUS (LOCATION,STATUS,CHANGEBY,CHANGEDATE,MEMO,SITEID,ORGID,LOCSTATUSID,ROWSTAMP) 
values ('HOLDING','OPERATING','MAXADMIN',to_date('06/AUG/14','DD/MON/RR'),null,'TASWATER','TAS',1,'248211');

delete from glconfigure where orgid is not null;
insert into glconfigure (glaccountfield,glorder,mandatory,delimiter,gltype,gllength,glconfigureid,orgid) 
select glaccountfield,glorder,mandatory,delimiter,gltype,gllength,glconfigureseq.nextval,'TAS' orgid from glconfigure where orgid is null;

Insert into GLCOMPONENTS (GLORDER,COMPVALUE,COMPTEXT,USERID,SOURCESYSID,OWNERSYSID,EXTERNALREFID,SENDERSYSID,ORGID,ACTIVE,GLCOMPONENTSID) values (0,'0000','0000','MAXADMIN',null,null,null,null,'TAS',1,GLCOMPONENTSseq.nextval);
Insert into GLCOMPONENTS (GLORDER,COMPVALUE,COMPTEXT,USERID,SOURCESYSID,OWNERSYSID,EXTERNALREFID,SENDERSYSID,ORGID,ACTIVE,GLCOMPONENTSID) values (1,'000000','000000','MAXADMIN',null,null,null,null,'TAS',1,GLCOMPONENTSseq.nextval);
Insert into GLCOMPONENTS (GLORDER,COMPVALUE,COMPTEXT,USERID,SOURCESYSID,OWNERSYSID,EXTERNALREFID,SENDERSYSID,ORGID,ACTIVE,GLCOMPONENTSID) values (2,'000000','000000','MAXADMIN',null,null,null,null,'TAS',1,GLCOMPONENTSseq.nextval);

Insert into chartofaccounts (GLACCOUNT,GLCOMP01,GLCOMP02,GLCOMP03,GLCOMP04,GLCOMP05,GLCOMP06,GLCOMP07,GLCOMP08,GLCOMP09,GLCOMP10,GLCOMP11,GLCOMP12,GLCOMP13,GLCOMP14,GLCOMP15,GLCOMP16,GLCOMP17,GLCOMP18,GLCOMP19,GLCOMP20,ACCOUNTNAME,GLACCTYPE,SOURCESYSID,OWNERSYSID,EXTERNALREFID,SENDERSYSID,ORGID,ACTIVE,CHARTOFACCOUNTSID,LANGCODE,HASLD,ACTIVEDATE,EXPIREDATE,OLDEXPIREDATE) values ('0000.000000.000000','0000','000000','000000',null,null,null,null,null,null,null,null,null,null,null,null,null,null,null,null,null,'0000 + 000000 + 000000',null,null,null,null,null,'TAS',1,chartofaccountsseq.nextval,'EN',0,to_date('21/SEP/14','DD/MON/RR'),null,null);

update organization set clearingacct='0000.000000.000000',active=1 where organizationid=1;

update site set changeby='MAXADMIN',changedate=SYSDATE,active=1 where siteuid=1;
